Date,Time,41CS.RF.AH06.SUP.TEMP DEG F,41CS.RF.AH06.HCOIL.VLV PCT,41CS.RF.AH06.REHEAT.VLV PCT,41CS.RF.AH06.CCOIL.VLV PCT,41CS.RF.AH06.kW kW,41CS.RF.AH06.SAT.LPT PCT,41CS.RF.AH06.SPEED PCT,41CS.RF.AH06.SUP.TEMP.STPT DEG F,41CS.RF.AH06.SP1.STATIC IN WC,41CS.RF.OAT DEG F
5/10/2021,19:20:00,60.881065,0.000023,0.000023,12.705208,23.391575,69.446823,87.803787,60.830303,2.007499,60.774994
5/10/2021,19:21:00,,,,,,,,,,60.634995
5/10/2021,19:22:00,,,,,,,,,,60.250000
5/10/2021,19:23:00,,,,,,,,,,60.144997
5/10/2021,19:24:00,,,,,,,,,,59.829994
5/10/2021,19:25:00,,,,,,,,,,59.829994
5/10/2021,19:26:00,,,,,,,,,,59.549995
5/10/2021,19:27:00,,,,,,,,,,59.549995
5/10/2021,19:28:00,,,,,,,,,,59.549995
5/10/2021,19:29:00,,,,,,,,,,59.549995
5/10/2021,19:30:00,60.818565,0.000023,0.000023,10.239889,23.191647,68.583961,87.601105,61.169697,2.057187,59.549995
5/10/2021,19:31:00,,,,,,,,,,59.619995
5/10/2021,19:32:00,,,,,,,,,,59.549995
5/10/2021,19:33:00,,,,,,,,,,59.654999
5/10/2021,19:34:00,,,,,,,,,,59.759995
5/10/2021,19:35:00,,,,,,,,,,59.969994
5/10/2021,19:36:00,,,,,,,,,,60.180000
5/10/2021,19:37:00,,,,,,,,,,60.250000
5/10/2021,19:38:00,,,,,,,,,,60.250000
5/10/2021,19:39:00,,,,,,,,,,60.180000
5/10/2021,19:40:00,,,,,,,,,,60.144997
5/10/2021,19:41:00,,,,,,,,,,59.969994
5/10/2021,19:42:00,,,,,,,,,,59.969994
5/10/2021,19:43:00,,,,,,,,,,59.969994
5/10/2021,19:44:00,,,,,,,,,,59.689995
5/10/2021,19:45:00,60.824821,0.000023,0.000023,9.493036,22.092043,68.322563,85.638702,61.144241,2.024999,59.654999
5/10/2021,19:46:00,,,,,,,,,,59.654999
5/10/2021,19:47:00,,,,,,,,,,59.619995
5/10/2021,19:48:00,,,,,,,,,,59.619995
5/10/2021,19:49:00,,,,,,,,,,59.654999
5/10/2021,19:50:00,,,,,,,,,,59.654999
5/10/2021,19:51:00,,,,,,,,,,59.724998
5/10/2021,19:52:00,,,,,,,,,,59.724998
5/10/2021,19:53:00,,,,,,,,,,59.724998
5/10/2021,19:54:00,,,,,,,,,,59.724998
5/10/2021,19:55:00,,,,,,,,,,59.339996
5/10/2021,19:56:00,,,,,,,,,,59.339996
5/10/2021,19:57:00,,,,,,,,,,59.129997
5/10/2021,19:58:00,,,,,,,,,,59.129997
5/10/2021,19:59:00,,,,,,,,,,59.024994
5/10/2021,20:00:00,60.937317,0.000023,0.000023,6.663665,23.191647,67.332283,87.743698,61.322422,1.939687,58.919998
5/10/2021,20:01:00,,,,,,,,,,58.919998
5/10/2021,20:02:00,,,,,,,,,,58.744995
5/10/2021,20:03:00,,,,,,,,,,58.779999
5/10/2021,20:04:00,,,,,,,,,,58.779999
5/10/2021,20:05:00,,,,,,,,,,59.375000
5/10/2021,20:06:00,,,,,,,,,,60.320000
5/10/2021,20:07:00,,,,,,,,,,61.369995
5/10/2021,20:08:00,,,,,,,,,,62.070000
5/10/2021,20:09:00,,,,,,,,,,62.174995
5/10/2021,20:10:00,,,,,,,,,,62.070000
5/10/2021,20:11:00,,,,,,,,,,62.629997
5/10/2021,20:12:00,,,,,,,,,,62.875000
5/10/2021,20:13:00,,,,,,,,,,62.629997
5/10/2021,20:14:00,,,,,,,,,,62.979996
5/10/2021,20:15:00,61.099815,0.000023,0.000023,9.851138,23.391575,68.447899,87.834717,60.439999,2.003437,62.559998
5/10/2021,20:16:00,,,,,,,,,,62.454994
5/10/2021,20:17:00,,,,,,,,,,62.629997
5/10/2021,20:18:00,,,,,,,,,,62.839996
5/10/2021,20:19:00,,,,,,,,,,62.629997
5/10/2021,20:20:00,,,,,,,,,,62.244995
5/10/2021,20:21:00,,,,,,,,,,62.139999
5/10/2021,20:22:00,,,,,,,,,,61.964996
5/10/2021,20:23:00,,,,,,,,,,61.579994
5/10/2021,20:24:00,,,,,,,,,,61.334999
5/10/2021,20:25:00,,,,,,,,,,60.984993
5/10/2021,20:26:00,,,,,,,,,,60.669998
5/10/2021,20:27:00,,,,,,,,,,60.320000
5/10/2021,20:28:00,,,,,,,,,,60.144997
5/10/2021,20:29:00,,,,,,,,,,60.039993
5/10/2021,20:30:00,60.556068,0.000023,0.000023,8.687067,21.692186,68.040474,85.104004,61.067879,2.023437,59.969994
5/10/2021,20:31:00,,,,,,,,,,59.829994
5/10/2021,20:32:00,,,,,,,,,,59.724998
5/10/2021,20:33:00,,,,,,,,,,59.654999
5/10/2021,20:34:00,,,,,,,,,,59.549995
5/10/2021,20:35:00,,,,,,,,,,59.549995
5/10/2021,20:36:00,,,,,,,,,,59.269997
5/10/2021,20:37:00,,,,,,,,,,59.024994
5/10/2021,20:38:00,,,,,,,,,,58.954994
5/10/2021,20:39:00,,,,,,,,,,58.849998
5/10/2021,20:40:00,,,,,,,,,,58.744995
5/10/2021,20:41:00,,,,,,,,,,58.744995
5/10/2021,20:42:00,,,,,,,,,,58.639999
5/10/2021,20:43:00,,,,,,,,,,58.534996
5/10/2021,20:44:00,,,,,,,,,,58.534996
5/10/2021,20:45:00,61.131073,0.000023,0.000023,5.398319,22.791792,66.889412,87.115166,61.441212,1.996874,58.430000
5/10/2021,20:46:00,,,,,,,,,,58.430000
5/10/2021,20:47:00,,,,,,,,,,58.324997
5/10/2021,20:48:00,,,,,,,,,,58.324997
5/10/2021,20:49:00,,,,,,,,,,58.324997
5/10/2021,20:50:00,,,,,,,,,,58.219994
5/10/2021,20:51:00,,,,,,,,,,58.219994
5/10/2021,20:52:00,,,,,,,,,,58.219994
5/10/2021,20:53:00,,,,,,,,,,58.219994
5/10/2021,20:54:00,,,,,,,,,,58.149994
5/10/2021,20:55:00,,,,,,,,,,58.149994
5/10/2021,20:56:00,,,,,,,,,,58.149994
5/10/2021,20:57:00,,,,,,,,,,58.149994
5/10/2021,20:58:00,,,,,,,,,,58.044998
5/10/2021,20:59:00,,,,,,,,,,58.044998
5/10/2021,21:00:00,61.424812,0.000023,0.000023,4.321703,23.391575,66.512596,88.171593,61.534546,1.997187,58.044998
5/10/2021,21:01:00,,,,,,,,,,57.939995
5/10/2021,21:02:00,,,,,,,,,,57.939995
5/10/2021,21:03:00,,,,,,,,,,57.939995
5/10/2021,21:04:00,,,,,,,,,,57.834999
5/10/2021,21:05:00,,,,,,,,,,57.834999
5/10/2021,21:06:00,,,,,,,,,,57.729996
5/10/2021,21:07:00,,,,,,,,,,57.729996
5/10/2021,21:08:00,,,,,,,,,,57.729996
5/10/2021,21:09:00,,,,,,,,,,57.659996
5/10/2021,21:10:00,,,,,,,,,,57.659996
5/10/2021,21:11:00,,,,,,,,,,57.659996
5/10/2021,21:12:00,,,,,,,,,,57.659996
5/10/2021,21:13:00,,,,,,,,,,57.519997
5/10/2021,21:14:00,,,,,,,,,,57.519997
5/10/2021,21:15:00,61.624825,0.000023,0.000023,2.497493,21.992079,65.874123,85.382454,61.661816,2.004062,57.519997
5/10/2021,21:16:00,,,,,,,,,,57.519997
5/10/2021,21:17:00,,,,,,,,,,57.519997
5/10/2021,21:18:00,,,,,,,,,,57.519997
5/10/2021,21:19:00,,,,,,,,,,57.519997
5/10/2021,21:20:00,,,,,,,,,,57.449997
5/10/2021,21:21:00,,,,,,,,,,57.449997
5/10/2021,21:22:00,,,,,,,,,,57.449997
5/10/2021,21:23:00,,,,,,,,,,57.449997
5/10/2021,21:24:00,,,,,,,,,,57.449997
5/10/2021,21:25:00,,,,,,,,,,57.344994
5/10/2021,21:26:00,,,,,,,,,,57.344994
5/10/2021,21:27:00,,,,,,,,,,57.344994
5/10/2021,21:28:00,,,,,,,,,,57.344994
5/10/2021,21:29:00,,,,,,,,,,57.274994
5/10/2021,21:30:00,61.693565,0.000023,0.000023,2.503509,22.891756,65.876228,87.082039,61.721210,1.999062,57.274994
5/10/2021,21:31:00,,,,,,,,,,57.274994
5/10/2021,21:32:00,,,,,,,,,,57.274994
5/10/2021,21:33:00,,,,,,,,,,57.274994
5/10/2021,21:34:00,,,,,,,,,,57.274994
5/10/2021,21:35:00,,,,,,,,,,57.274994
5/10/2021,21:36:00,,,,,,,,,,57.134995
5/10/2021,21:37:00,,,,,,,,,,57.134995
5/10/2021,21:38:00,,,,,,,,,,57.134995
5/10/2021,21:39:00,,,,,,,,,,57.134995
5/10/2021,21:40:00,,,,,,,,,,57.134995
5/10/2021,21:41:00,,,,,,,,,,57.064995
5/10/2021,21:42:00,,,,,,,,,,57.064995
5/10/2021,21:43:00,,,,,,,,,,57.064995
5/10/2021,21:44:00,,,,,,,,,,57.064995
5/10/2021,21:45:00,61.274818,0.000023,0.000023,0.567431,23.191647,65.198601,87.676361,61.772121,2.024999,57.064995
5/10/2021,21:46:00,,,,,,,,,,56.994995
5/10/2021,21:47:00,,,,,,,,,,56.924995
5/10/2021,21:48:00,,,,,,,,,,56.924995
5/10/2021,21:49:00,,,,,,,,,,56.924995
5/10/2021,21:50:00,,,,,,,,,,56.924995
5/10/2021,21:51:00,,,,,,,,,,56.924995
5/10/2021,21:52:00,,,,,,,,,,56.854996
5/10/2021,21:53:00,,,,,,,,,,56.854996
5/10/2021,21:54:00,,,,,,,,,,56.854996
5/10/2021,21:55:00,,,,,,,,,,56.854996
5/10/2021,21:56:00,,,,,,,,,,56.854996
5/10/2021,21:57:00,,,,,,,,,,56.854996
5/10/2021,21:58:00,,,,,,,,,,56.854996
5/10/2021,21:59:00,,,,,,,,,,56.854996
5/10/2021,22:00:00,60.974823,5.347397,0.000023,0.000000,21.692186,63.449257,85.005394,61.823029,2.015312,56.854996
5/10/2021,22:01:00,,,,,,,,,,56.750000
5/10/2021,22:02:00,,,,,,,,,,56.750000
5/10/2021,22:03:00,,,,,,,,,,56.750000
5/10/2021,22:04:00,,,,,,,,,,56.750000
5/10/2021,22:05:00,,,,,,,,,,56.750000
5/10/2021,22:06:00,,,,,,,,,,56.750000
5/10/2021,22:07:00,,,,,,,,,,56.750000
5/10/2021,22:08:00,,,,,,,,,,56.750000
5/10/2021,22:09:00,,,,,,,,,,56.714996
5/10/2021,22:10:00,,,,,,,,,,56.644997
5/10/2021,22:11:00,,,,,,,,,,56.644997
5/10/2021,22:12:00,,,,,,,,,,56.644997
5/10/2021,22:13:00,,,,,,,,,,56.644997
5/10/2021,22:14:00,,,,,,,,,,56.644997
5/10/2021,22:15:00,62.399811,11.346626,0.000023,0.000000,22.491899,61.709480,86.403023,61.873940,1.831874,56.644997
5/10/2021,22:16:00,,,,,,,,,,56.644997
5/10/2021,22:17:00,,,,,,,,,,56.644997
5/10/2021,22:18:00,,,,,,,,,,56.644997
5/10/2021,22:19:00,,,,,,,,,,56.539993
5/10/2021,22:20:00,,,,,,,,,,56.539993
5/10/2021,22:21:00,,,,,,,,,,56.539993
5/10/2021,22:22:00,,,,,,,,,,56.539993
5/10/2021,22:23:00,,,,,,,,,,56.469994
5/10/2021,22:24:00,,,,,,,,,,56.469994
5/10/2021,22:25:00,,,,,,,,,,56.469994
5/10/2021,22:26:00,,,,,,,,,,56.469994
5/10/2021,22:27:00,,,,,,,,,,56.469994
5/10/2021,22:28:00,,,,,,,,,,56.469994
5/10/2021,22:29:00,,,,,,,,,,56.469994
5/10/2021,22:30:00,61.118568,9.212250,0.000023,0.000000,23.091682,62.328449,87.311394,61.916363,1.981562,56.469994
5/10/2021,22:31:00,,,,,,,,,,56.469994
5/10/2021,22:32:00,,,,,,,,,,56.469994
5/10/2021,22:33:00,,,,,,,,,,56.469994
5/10/2021,22:34:00,,,,,,,,,,56.469994
5/10/2021,22:35:00,,,,,,,,,,56.469994
5/10/2021,22:36:00,,,,,,,,,,56.469994
5/10/2021,22:37:00,,,,,,,,,,56.469994
5/10/2021,22:38:00,,,,,,,,,,56.469994
5/10/2021,22:39:00,,,,,,,,,,56.469994
5/10/2021,22:40:00,,,,,,,,,,56.469994
5/10/2021,22:41:00,,,,,,,,,,56.469994
5/10/2021,22:42:00,,,,,,,,,,56.469994
5/10/2021,22:43:00,,,,,,,,,,56.469994
5/10/2021,22:44:00,,,,,,,,,,56.469994
5/10/2021,22:45:00,61.343575,7.610641,0.000023,0.000000,21.692186,62.792915,85.030838,61.916363,1.959374,56.469994
5/10/2021,22:46:00,,,,,,,,,,56.469994
5/10/2021,22:47:00,,,,,,,,,,56.469994
5/10/2021,22:48:00,,,,,,,,,,56.469994
5/10/2021,22:49:00,,,,,,,,,,56.469994
5/10/2021,22:50:00,,,,,,,,,,56.469994
5/10/2021,22:51:00,,,,,,,,,,56.469994
5/10/2021,22:52:00,,,,,,,,,,56.364998
5/10/2021,22:53:00,,,,,,,,,,56.364998
5/10/2021,22:54:00,,,,,,,,,,56.364998
5/10/2021,22:55:00,,,,,,,,,,56.329994
5/10/2021,22:56:00,,,,,,,,,,56.329994
5/10/2021,22:57:00,,,,,,,,,,56.364998
5/10/2021,22:58:00,,,,,,,,,,56.364998
5/10/2021,22:59:00,,,,,,,,,,56.364998
5/10/2021,23:00:00,62.706055,6.413681,0.000023,0.000000,22.092043,63.140034,86.138275,61.941818,1.966249,56.364998
5/10/2021,23:01:00,,,,,,,,,,56.364998
5/10/2021,23:02:00,,,,,,,,,,56.329994
5/10/2021,23:03:00,,,,,,,,,,56.329994
5/10/2021,23:04:00,,,,,,,,,,56.329994
5/10/2021,23:05:00,,,,,,,,,,56.329994
5/10/2021,23:06:00,,,,,,,,,,56.329994
5/10/2021,23:07:00,,,,,,,,,,56.329994
5/10/2021,23:08:00,,,,,,,,,,56.364998
5/10/2021,23:09:00,,,,,,,,,,56.364998
5/10/2021,23:10:00,,,,,,,,,,56.364998
5/10/2021,23:11:00,,,,,,,,,,56.364998
5/10/2021,23:12:00,,,,,,,,,,56.329994
5/10/2021,23:13:00,,,,,,,,,,56.329994
5/10/2021,23:14:00,,,,,,,,,,56.329994
5/10/2021,23:15:00,64.099808,11.665955,0.000023,0.000000,6.697588,61.616875,46.098000,61.950302,0.789999,56.329994
5/10/2021,23:16:00,,,,,,,,,,56.329994
5/10/2021,23:17:00,,,,,,,,,,56.259995
5/10/2021,23:18:00,,,,,,,,,,56.259995
5/10/2021,23:19:00,,,,,,,,,,56.259995
5/10/2021,23:20:00,,,,,,,,,,56.259995
5/10/2021,23:21:00,,,,,,,,,,56.119995
5/10/2021,23:22:00,,,,,,,,,,56.119995
5/10/2021,23:23:00,,,,,,,,,,56.119995
5/10/2021,23:24:00,,,,,,,,,,56.119995
5/10/2021,23:25:00,,,,,,,,,,56.119995
5/10/2021,23:26:00,,,,,,,,,,56.049995
5/10/2021,23:27:00,,,,,,,,,,56.049995
5/10/2021,23:28:00,,,,,,,,,,56.049995
5/10/2021,23:29:00,,,,,,,,,,56.049995
5/10/2021,23:30:00,59.737328,13.061699,0.000023,0.000000,6.097804,61.212109,44.658787,62.018181,0.755625,56.049995
5/10/2021,23:31:00,,,,,,,,,,55.945000
5/10/2021,23:32:00,,,,,,,,,,55.945000
5/10/2021,23:33:00,,,,,,,,,,55.945000
5/10/2021,23:34:00,,,,,,,,,,55.945000
5/10/2021,23:35:00,,,,,,,,,,55.945000
5/10/2021,23:36:00,,,,,,,,,,55.945000
5/10/2021,23:37:00,,,,,,,,,,55.945000
5/10/2021,23:38:00,,,,,,,,,,55.945000
5/10/2021,23:39:00,,,,,,,,,,55.839996
5/10/2021,23:40:00,,,,,,,,,,55.839996
5/10/2021,23:41:00,,,,,,,,,,55.875000
5/10/2021,23:42:00,,,,,,,,,,55.875000
5/10/2021,23:43:00,,,,,,,,,,55.875000
5/10/2021,23:44:00,,,,,,,,,,55.839996
5/10/2021,23:45:00,62.356064,2.690895,0.000023,0.000000,6.297732,64.219643,44.934963,62.069092,0.762812,55.839996
5/10/2021,23:46:00,,,,,,,,,,55.839996
5/10/2021,23:47:00,,,,,,,,,,55.839996
5/10/2021,23:48:00,,,,,,,,,,55.839996
5/10/2021,23:49:00,,,,,,,,,,55.839996
5/10/2021,23:50:00,,,,,,,,,,55.769997
5/10/2021,23:51:00,,,,,,,,,,55.769997
5/10/2021,23:52:00,,,,,,,,,,55.769997
5/10/2021,23:53:00,,,,,,,,,,55.734993
5/10/2021,23:54:00,,,,,,,,,,55.734993
5/10/2021,23:55:00,,,,,,,,,,55.734993
5/10/2021,23:56:00,,,,,,,,,,55.769997
5/10/2021,23:57:00,,,,,,,,,,55.769997
5/10/2021,23:58:00,,,,,,,,,,55.769997
5/10/2021,23:59:00,,,,,,,,,,55.875000
5/11/2021,00:00:00,65.456062,12.331696,0.000023,0.000000,6.597624,61.423809,46.022449,62.060604,0.733437,55.875000
5/11/2021,00:01:00,,,,,,,,,,55.875000
5/11/2021,00:02:00,,,,,,,,,,55.875000
5/11/2021,00:03:00,,,,,,,,,,55.979996
5/11/2021,00:04:00,,,,,,,,,,55.979996
5/11/2021,00:05:00,,,,,,,,,,55.979996
5/11/2021,00:06:00,,,,,,,,,,55.979996
5/11/2021,00:07:00,,,,,,,,,,55.979996
5/11/2021,00:08:00,,,,,,,,,,55.979996
5/11/2021,00:09:00,,,,,,,,,,55.979996
5/11/2021,00:10:00,,,,,,,,,,55.979996
5/11/2021,00:11:00,,,,,,,,,,55.979996
5/11/2021,00:12:00,,,,,,,,,,55.979996
5/11/2021,00:13:00,,,,,,,,,,55.979996
5/11/2021,00:14:00,,,,,,,,,,55.979996
5/11/2021,00:15:00,59.318573,7.342247,0.000023,0.000000,6.297732,62.870750,44.630924,62.035152,0.758437,55.979996
5/11/2021,00:16:00,,,,,,,,,,55.979996
5/11/2021,00:17:00,,,,,,,,,,55.979996
5/11/2021,00:18:00,,,,,,,,,,55.979996
5/11/2021,00:19:00,,,,,,,,,,55.979996
5/11/2021,00:20:00,,,,,,,,,,55.979996
5/11/2021,00:21:00,,,,,,,,,,55.839996
5/11/2021,00:22:00,,,,,,,,,,55.839996
5/11/2021,00:23:00,,,,,,,,,,55.839996
5/11/2021,00:24:00,,,,,,,,,,55.839996
5/11/2021,00:25:00,,,,,,,,,,55.839996
5/11/2021,00:26:00,,,,,,,,,,55.839996
5/11/2021,00:27:00,,,,,,,,,,55.839996
5/11/2021,00:28:00,,,,,,,,,,55.839996
5/11/2021,00:29:00,,,,,,,,,,55.839996
5/11/2021,00:30:00,64.399803,0.939529,0.000023,0.000000,6.197768,64.727539,44.751984,62.069092,0.740937,55.839996
5/11/2021,00:31:00,,,,,,,,,,55.839996
5/11/2021,00:32:00,,,,,,,,,,55.734993
5/11/2021,00:33:00,,,,,,,,,,55.734993
5/11/2021,00:34:00,,,,,,,,,,55.734993
5/11/2021,00:35:00,,,,,,,,,,55.734993
5/11/2021,00:36:00,,,,,,,,,,55.734993
5/11/2021,00:37:00,,,,,,,,,,55.734993
5/11/2021,00:38:00,,,,,,,,,,55.664993
5/11/2021,00:39:00,,,,,,,,,,55.664993
5/11/2021,00:40:00,,,,,,,,,,55.664993
5/11/2021,00:41:00,,,,,,,,,,55.664993
5/11/2021,00:42:00,,,,,,,,,,55.664993
5/11/2021,00:43:00,,,,,,,,,,55.664993
5/11/2021,00:44:00,,,,,,,,,,55.524994
5/11/2021,00:45:00,60.043571,16.428421,0.000023,0.000000,6.697588,60.235760,45.928295,62.136967,0.734687,55.559998
5/11/2021,00:46:00,,,,,,,,,,55.629997
5/11/2021,00:47:00,,,,,,,,,,55.629997
5/11/2021,00:48:00,,,,,,,,,,55.629997
5/11/2021,00:49:00,,,,,,,,,,55.629997
5/11/2021,00:50:00,,,,,,,,,,55.629997
5/11/2021,00:51:00,,,,,,,,,,55.629997
5/11/2021,00:52:00,,,,,,,,,,55.524994
5/11/2021,00:53:00,,,,,,,,,,55.524994
5/11/2021,00:54:00,,,,,,,,,,55.524994
5/11/2021,00:55:00,,,,,,,,,,55.524994
5/11/2021,00:56:00,,,,,,,,,,55.419998
5/11/2021,00:57:00,,,,,,,,,,55.419998
5/11/2021,00:58:00,,,,,,,,,,55.419998
5/11/2021,00:59:00,,,,,,,,,,55.419998
5/11/2021,01:00:00,60.681068,3.394455,0.000023,0.000000,6.397696,64.015610,45.466862,62.179394,0.776562,55.384995
5/11/2021,01:01:00,,,,,,,,,,55.384995
5/11/2021,01:02:00,,,,,,,,,,55.384995
5/11/2021,01:03:00,,,,,,,,,,55.384995
5/11/2021,01:04:00,,,,,,,,,,55.384995
5/11/2021,01:05:00,,,,,,,,,,55.384995
5/11/2021,01:06:00,,,,,,,,,,55.384995
5/11/2021,01:07:00,,,,,,,,,,55.384995
5/11/2021,01:08:00,,,,,,,,,,55.244995
5/11/2021,01:09:00,,,,,,,,,,55.244995
5/11/2021,01:10:00,,,,,,,,,,55.244995
5/11/2021,01:11:00,,,,,,,,,,55.279999
5/11/2021,01:12:00,,,,,,,,,,55.279999
5/11/2021,01:13:00,,,,,,,,,,55.279999
5/11/2021,01:14:00,,,,,,,,,,55.279999
5/11/2021,01:15:00,65.949806,6.005089,0.000023,0.000000,6.497660,63.258526,45.485836,62.204845,0.766875,55.279999
5/11/2021,01:16:00,,,,,,,,,,55.279999
5/11/2021,01:17:00,,,,,,,,,,55.279999
5/11/2021,01:18:00,,,,,,,,,,55.279999
5/11/2021,01:19:00,,,,,,,,,,55.279999
5/11/2021,01:20:00,,,,,,,,,,55.279999
5/11/2021,01:21:00,,,,,,,,,,55.279999
5/11/2021,01:22:00,,,,,,,,,,55.279999
5/11/2021,01:23:00,,,,,,,,,,55.279999
5/11/2021,01:24:00,,,,,,,,,,55.349998
5/11/2021,01:25:00,,,,,,,,,,55.349998
5/11/2021,01:26:00,,,,,,,,,,55.349998
5/11/2021,01:27:00,,,,,,,,,,55.349998
5/11/2021,01:28:00,,,,,,,,,,55.419998
5/11/2021,01:29:00,,,,,,,,,,55.419998
5/11/2021,01:30:00,59.162323,15.254364,0.000023,0.000000,6.697588,60.576237,46.018196,62.170906,0.730625,55.419998
5/11/2021,01:31:00,,,,,,,,,,55.419998
5/11/2021,01:32:00,,,,,,,,,,55.419998
5/11/2021,01:33:00,,,,,,,,,,55.419998
5/11/2021,01:34:00,,,,,,,,,,55.419998
5/11/2021,01:35:00,,,,,,,,,,55.419998
5/11/2021,01:36:00,,,,,,,,,,55.349998
5/11/2021,01:37:00,,,,,,,,,,55.349998
5/11/2021,01:38:00,,,,,,,,,,55.349998
5/11/2021,01:39:00,,,,,,,,,,55.349998
5/11/2021,01:40:00,,,,,,,,,,55.349998
5/11/2021,01:41:00,,,,,,,,,,55.349998
5/11/2021,01:42:00,,,,,,,,,,55.349998
5/11/2021,01:43:00,,,,,,,,,,55.349998
5/11/2021,01:44:00,,,,,,,,,,55.349998
5/11/2021,01:45:00,61.374817,0.848396,0.000023,0.000000,6.297732,64.753967,45.262386,62.187878,0.747500,55.349998
5/11/2021,01:46:00,,,,,,,,,,55.349998
5/11/2021,01:47:00,,,,,,,,,,55.349998
5/11/2021,01:48:00,,,,,,,,,,55.349998
5/11/2021,01:49:00,,,,,,,,,,55.349998
5/11/2021,01:50:00,,,,,,,,,,55.349998
5/11/2021,01:51:00,,,,,,,,,,55.349998
5/11/2021,01:52:00,,,,,,,,,,55.349998
5/11/2021,01:53:00,,,,,,,,,,55.349998
5/11/2021,01:54:00,,,,,,,,,,55.349998
5/11/2021,01:55:00,,,,,,,,,,55.349998
5/11/2021,01:56:00,,,,,,,,,,55.244995
5/11/2021,01:57:00,,,,,,,,,,55.244995
5/11/2021,01:58:00,,,,,,,,,,55.244995
5/11/2021,01:59:00,,,,,,,,,,55.244995
5/11/2021,02:00:00,67.943550,5.751953,0.000023,0.000000,6.297732,63.331936,44.966385,62.213333,0.738437,55.244995
5/11/2021,02:01:00,,,,,,,,,,55.244995
5/11/2021,02:02:00,,,,,,,,,,55.244995
5/11/2021,02:03:00,,,,,,,,,,55.244995
5/11/2021,02:04:00,,,,,,,,,,55.279999
5/11/2021,02:05:00,,,,,,,,,,55.244995
5/11/2021,02:06:00,,,,,,,,,,55.244995
5/11/2021,02:07:00,,,,,,,,,,55.244995
5/11/2021,02:08:00,,,,,,,,,,55.244995
5/11/2021,02:09:00,,,,,,,,,,55.244995
5/11/2021,02:10:00,,,,,,,,,,55.244995
5/11/2021,02:11:00,,,,,,,,,,55.244995
5/11/2021,02:12:00,,,,,,,,,,55.244995
5/11/2021,02:13:00,,,,,,,,,,55.244995
5/11/2021,02:14:00,,,,,,,,,,55.244995
5/11/2021,02:15:00,58.287331,11.320305,0.000023,0.000000,6.697588,61.717113,46.054874,62.213333,0.743750,55.244995
5/11/2021,02:16:00,,,,,,,,,,55.244995
5/11/2021,02:17:00,,,,,,,,,,55.244995
5/11/2021,02:18:00,,,,,,,,,,55.244995
5/11/2021,02:19:00,,,,,,,,,,55.174995
5/11/2021,02:20:00,,,,,,,,,,55.174995
5/11/2021,02:21:00,,,,,,,,,,55.174995
5/11/2021,02:22:00,,,,,,,,,,55.174995
5/11/2021,02:23:00,,,,,,,,,,55.174995
5/11/2021,02:24:00,,,,,,,,,,55.174995
5/11/2021,02:25:00,,,,,,,,,,55.174995
5/11/2021,02:26:00,,,,,,,,,,55.174995
5/11/2021,02:27:00,,,,,,,,,,55.070000
5/11/2021,02:28:00,,,,,,,,,,55.070000
5/11/2021,02:29:00,,,,,,,,,,55.034996
5/11/2021,02:30:00,61.993568,0.000023,0.000023,1.459525,6.697588,65.510834,46.014828,62.264240,0.777187,55.034996
5/11/2021,02:31:00,,,,,,,,,,55.034996
5/11/2021,02:32:00,,,,,,,,,,55.034996
5/11/2021,02:33:00,,,,,,,,,,55.034996
5/11/2021,02:34:00,,,,,,,,,,54.964996
5/11/2021,02:35:00,,,,,,,,,,54.964996
5/11/2021,02:36:00,,,,,,,,,,54.964996
5/11/2021,02:37:00,,,,,,,,,,54.964996
5/11/2021,02:38:00,,,,,,,,,,54.964996
5/11/2021,02:39:00,,,,,,,,,,54.964996
5/11/2021,02:40:00,,,,,,,,,,54.964996
5/11/2021,02:41:00,,,,,,,,,,54.964996
5/11/2021,02:42:00,,,,,,,,,,54.964996
5/11/2021,02:43:00,,,,,,,,,,54.964996
5/11/2021,02:44:00,,,,,,,,,,54.964996
5/11/2021,02:45:00,68.724800,10.110756,0.000023,0.000000,6.197768,62.067883,45.134796,62.298180,0.727812,54.894997
5/11/2021,02:46:00,,,,,,,,,,54.824997
5/11/2021,02:47:00,,,,,,,,,,54.824997
5/11/2021,02:48:00,,,,,,,,,,54.824997
5/11/2021,02:49:00,,,,,,,,,,54.824997
5/11/2021,02:50:00,,,,,,,,,,54.824997
5/11/2021,02:51:00,,,,,,,,,,54.719994
5/11/2021,02:52:00,,,,,,,,,,54.719994
5/11/2021,02:53:00,,,,,,,,,,54.719994
5/11/2021,02:54:00,,,,,,,,,,54.719994
5/11/2021,02:55:00,,,,,,,,,,54.719994
5/11/2021,02:56:00,,,,,,,,,,54.719994
5/11/2021,02:57:00,,,,,,,,,,54.719994
5/11/2021,02:58:00,,,,,,,,,,54.719994
5/11/2021,02:59:00,,,,,,,,,,54.649994
5/11/2021,03:00:00,58.374828,8.434288,0.000023,0.000000,6.597624,62.554058,45.606796,62.357574,0.731875,54.649994
5/11/2021,03:01:00,,,,,,,,,,54.649994
5/11/2021,03:02:00,,,,,,,,,,54.649994
5/11/2021,03:03:00,,,,,,,,,,54.649994
5/11/2021,03:04:00,,,,,,,,,,54.649994
5/11/2021,03:05:00,,,,,,,,,,54.649994
5/11/2021,03:06:00,,,,,,,,,,54.649994
5/11/2021,03:07:00,,,,,,,,,,54.649994
5/11/2021,03:08:00,,,,,,,,,,54.649994
5/11/2021,03:09:00,,,,,,,,,,54.649994
5/11/2021,03:10:00,,,,,,,,,,54.649994
5/11/2021,03:11:00,,,,,,,,,,54.649994
5/11/2021,03:12:00,,,,,,,,,,54.649994
5/11/2021,03:13:00,,,,,,,,,,54.544998
5/11/2021,03:14:00,,,,,,,,,,54.544998
5/11/2021,03:15:00,63.162308,0.000023,0.000023,4.763619,6.497660,66.667267,45.431957,62.383030,0.779999,54.544998
5/11/2021,03:16:00,,,,,,,,,,54.544998
5/11/2021,03:17:00,,,,,,,,,,54.544998
5/11/2021,03:18:00,,,,,,,,,,54.509995
5/11/2021,03:19:00,,,,,,,,,,54.509995
5/11/2021,03:20:00,,,,,,,,,,54.509995
5/11/2021,03:21:00,,,,,,,,,,54.439995
5/11/2021,03:22:00,,,,,,,,,,54.439995
5/11/2021,03:23:00,,,,,,,,,,54.439995
5/11/2021,03:24:00,,,,,,,,,,54.474998
5/11/2021,03:25:00,,,,,,,,,,54.439995
5/11/2021,03:26:00,,,,,,,,,,54.439995
5/11/2021,03:27:00,,,,,,,,,,54.369995
5/11/2021,03:28:00,,,,,,,,,,54.369995
5/11/2021,03:29:00,,,,,,,,,,54.369995
5/11/2021,03:30:00,67.568542,14.373795,0.000023,0.000000,5.997840,60.831600,44.598167,62.459393,0.735625,54.229996
5/11/2021,03:31:00,,,,,,,,,,54.229996
5/11/2021,03:32:00,,,,,,,,,,54.229996
5/11/2021,03:33:00,,,,,,,,,,54.229996
5/11/2021,03:34:00,,,,,,,,,,54.229996
5/11/2021,03:35:00,,,,,,,,,,54.229996
5/11/2021,03:36:00,,,,,,,,,,54.229996
5/11/2021,03:37:00,,,,,,,,,,54.159996
5/11/2021,03:38:00,,,,,,,,,,54.159996
5/11/2021,03:39:00,,,,,,,,,,54.159996
5/11/2021,03:40:00,,,,,,,,,,54.159996
5/11/2021,03:41:00,,,,,,,,,,54.019997
5/11/2021,03:42:00,,,,,,,,,,54.019997
5/11/2021,03:43:00,,,,,,,,,,54.019997
5/11/2021,03:44:00,,,,,,,,,,54.019997
5/11/2021,03:45:00,57.487328,10.197517,0.000023,0.000000,6.697588,62.042721,45.999454,62.510303,0.750000,54.019997
5/11/2021,03:46:00,,,,,,,,,,54.019997
5/11/2021,03:47:00,,,,,,,,,,53.949997
5/11/2021,03:48:00,,,,,,,,,,53.949997
5/11/2021,03:49:00,,,,,,,,,,53.949997
5/11/2021,03:50:00,,,,,,,,,,53.949997
5/11/2021,03:51:00,,,,,,,,,,53.949997
5/11/2021,03:52:00,,,,,,,,,,53.949997
5/11/2021,03:53:00,,,,,,,,,,53.949997
5/11/2021,03:54:00,,,,,,,,,,53.949997
5/11/2021,03:55:00,,,,,,,,,,53.949997
5/11/2021,03:56:00,,,,,,,,,,53.949997
5/11/2021,03:57:00,,,,,,,,,,53.844994
5/11/2021,03:58:00,,,,,,,,,,53.844994
5/11/2021,03:59:00,,,,,,,,,,53.844994
5/11/2021,04:00:00,61.143570,0.000023,0.000023,4.244014,6.497660,66.485405,45.573761,62.578182,0.773750,53.739998
5/11/2021,04:01:00,,,,,,,,,,53.739998
5/11/2021,04:02:00,,,,,,,,,,53.739998
5/11/2021,04:03:00,,,,,,,,,,53.739998
5/11/2021,04:04:00,,,,,,,,,,53.739998
5/11/2021,04:05:00,,,,,,,,,,53.739998
5/11/2021,04:06:00,,,,,,,,,,53.739998
5/11/2021,04:07:00,,,,,,,,,,53.739998
5/11/2021,04:08:00,,,,,,,,,,53.739998
5/11/2021,04:09:00,,,,,,,,,,53.739998
5/11/2021,04:10:00,,,,,,,,,,53.739998
5/11/2021,04:11:00,,,,,,,,,,53.739998
5/11/2021,04:12:00,,,,,,,,,,53.634995
5/11/2021,04:13:00,,,,,,,,,,53.634995
5/11/2021,04:14:00,,,,,,,,,,53.634995
5/11/2021,04:15:00,69.331047,1.302422,0.000023,0.000000,6.297732,64.622299,44.941734,62.620605,0.753749,53.564995
5/11/2021,04:16:00,,,,,,,,,,53.564995
5/11/2021,04:17:00,,,,,,,,,,53.564995
5/11/2021,04:18:00,,,,,,,,,,53.424995
5/11/2021,04:19:00,,,,,,,,,,53.424995
5/11/2021,04:20:00,,,,,,,,,,53.424995
5/11/2021,04:21:00,,,,,,,,,,53.424995
5/11/2021,04:22:00,,,,,,,,,,53.424995
5/11/2021,04:23:00,,,,,,,,,,53.354996
5/11/2021,04:24:00,,,,,,,,,,53.354996
5/11/2021,04:25:00,,,,,,,,,,53.284996
5/11/2021,04:26:00,,,,,,,,,,53.284996
5/11/2021,04:27:00,,,,,,,,,,53.284996
5/11/2021,04:28:00,,,,,,,,,,53.284996
5/11/2021,04:29:00,,,,,,,,,,53.284996
5/11/2021,04:30:00,59.537323,21.788513,0.000023,0.000000,6.497660,58.681332,45.525612,62.722424,0.725624,53.144997
5/11/2021,04:31:00,,,,,,,,,,53.144997
5/11/2021,04:32:00,,,,,,,,,,53.144997
5/11/2021,04:33:00,,,,,,,,,,53.144997
5/11/2021,04:34:00,,,,,,,,,,53.144997
5/11/2021,04:35:00,,,,,,,,,,53.109993
5/11/2021,04:36:00,,,,,,,,,,53.039993
5/11/2021,04:37:00,,,,,,,,,,53.074997
5/11/2021,04:38:00,,,,,,,,,,53.039993
5/11/2021,04:39:00,,,,,,,,,,53.039993
5/11/2021,04:40:00,,,,,,,,,,53.039993
5/11/2021,04:41:00,,,,,,,,,,53.039993
5/11/2021,04:42:00,,,,,,,,,,53.039993
5/11/2021,04:43:00,,,,,,,,,,53.039993
5/11/2021,04:44:00,,,,,,,,,,52.969994
5/11/2021,04:45:00,57.949829,7.036674,0.000023,0.000000,6.497660,62.959366,44.937485,62.764847,0.795624,52.969994
5/11/2021,04:46:00,,,,,,,,,,52.969994
5/11/2021,04:47:00,,,,,,,,,,52.969994
5/11/2021,04:48:00,,,,,,,,,,52.969994
5/11/2021,04:49:00,,,,,,,,,,52.969994
5/11/2021,04:50:00,,,,,,,,,,52.969994
5/11/2021,04:51:00,,,,,,,,,,52.969994
5/11/2021,04:52:00,,,,,,,,,,52.969994
5/11/2021,04:53:00,,,,,,,,,,52.969994
5/11/2021,04:54:00,,,,,,,,,,52.969994
5/11/2021,04:55:00,,,,,,,,,,52.969994
5/11/2021,04:56:00,,,,,,,,,,52.969994
5/11/2021,04:57:00,,,,,,,,,,52.969994
5/11/2021,04:58:00,,,,,,,,,,52.969994
5/11/2021,04:59:00,,,,,,,,,,52.969994
5/11/2021,05:00:00,61.724815,0.000023,0.000023,5.162070,6.297732,66.806725,45.006641,62.764847,0.764687,52.864998
5/11/2021,05:01:00,,,,,,,,,,52.864998
5/11/2021,05:02:00,,,,,,,,,,52.829994
5/11/2021,05:03:00,,,,,,,,,,52.829994
5/11/2021,05:04:00,,,,,,,,,,52.864998
5/11/2021,05:05:00,,,,,,,,,,52.829994
5/11/2021,05:06:00,,,,,,,,,,52.829994
5/11/2021,05:07:00,,,,,,,,,,52.829994
5/11/2021,05:08:00,,,,,,,,,,52.829994
5/11/2021,05:09:00,,,,,,,,,,52.864998
5/11/2021,05:10:00,,,,,,,,,,52.829994
5/11/2021,05:11:00,,,,,,,,,,52.829994
5/11/2021,05:12:00,,,,,,,,,,52.724998
5/11/2021,05:13:00,,,,,,,,,,52.724998
5/11/2021,05:14:00,,,,,,,,,,52.724998
5/11/2021,05:15:00,69.818542,0.000023,0.000023,2.287161,6.797552,65.800507,46.685379,62.849697,0.720937,52.619995
5/11/2021,05:16:00,,,,,,,,,,52.619995
5/11/2021,05:17:00,,,,,,,,,,52.619995
5/11/2021,05:18:00,,,,,,,,,,52.619995
5/11/2021,05:19:00,,,,,,,,,,52.619995
5/11/2021,05:20:00,,,,,,,,,,52.549995
5/11/2021,05:21:00,,,,,,,,,,52.549995
5/11/2021,05:22:00,,,,,,,,,,52.549995
5/11/2021,05:23:00,,,,,,,,,,52.445000
5/11/2021,05:24:00,,,,,,,,,,52.445000
5/11/2021,05:25:00,,,,,,,,,,52.445000
5/11/2021,05:26:00,,,,,,,,,,52.445000
5/11/2021,05:27:00,,,,,,,,,,52.339996
5/11/2021,05:28:00,,,,,,,,,,52.339996
5/11/2021,05:29:00,,,,,,,,,,52.339996
5/11/2021,05:30:00,68.831047,16.991928,0.000023,0.000000,6.297732,60.072342,45.255569,62.917576,0.727812,52.339996
5/11/2021,05:31:00,,,,,,,,,,52.339996
5/11/2021,05:32:00,,,,,,,,,,52.339996
5/11/2021,05:33:00,,,,,,,,,,52.339996
5/11/2021,05:34:00,,,,,,,,,,52.234993
5/11/2021,05:35:00,,,,,,,,,,52.234993
5/11/2021,05:36:00,,,,,,,,,,52.164993
5/11/2021,05:37:00,,,,,,,,,,52.164993
5/11/2021,05:38:00,,,,,,,,,,52.164993
5/11/2021,05:39:00,,,,,,,,,,52.164993
5/11/2021,05:40:00,,,,,,,,,,52.024994
5/11/2021,05:41:00,,,,,,,,,,52.024994
5/11/2021,05:42:00,,,,,,,,,,52.059998
5/11/2021,05:43:00,,,,,,,,,,52.059998
5/11/2021,05:44:00,,,,,,,,,,52.059998
5/11/2021,05:45:00,56.624832,20.893364,0.000023,0.000000,6.297732,58.940926,44.765640,62.993938,0.759062,52.024994
5/11/2021,05:46:00,,,,,,,,,,52.024994
5/11/2021,05:47:00,,,,,,,,,,52.024994
5/11/2021,05:48:00,,,,,,,,,,52.024994
5/11/2021,05:49:00,,,,,,,,,,51.954994
5/11/2021,05:50:00,,,,,,,,,,51.954994
5/11/2021,05:51:00,,,,,,,,,,51.954994
5/11/2021,05:52:00,,,,,,,,,,51.954994
5/11/2021,05:53:00,,,,,,,,,,51.954994
5/11/2021,05:54:00,,,,,,,,,,51.954994
5/11/2021,05:55:00,,,,,,,,,,51.954994
5/11/2021,05:56:00,,,,,,,,,,51.954994
5/11/2021,05:57:00,,,,,,,,,,51.954994
5/11/2021,05:58:00,,,,,,,,,,51.954994
5/11/2021,05:59:00,,,,,,,,,,51.954994
5/11/2021,06:00:00,56.868580,8.181503,0.000023,0.000000,6.797552,62.627365,45.999161,63.000000,0.762812,51.954994
5/11/2021,06:01:00,,,,,,,,,,51.954994
5/11/2021,06:02:00,,,,,,,,,,51.954994
5/11/2021,06:03:00,,,,,,,,,,51.954994
5/11/2021,06:04:00,,,,,,,,,,51.954994
5/11/2021,06:05:00,,,,,,,,,,51.954994
5/11/2021,06:06:00,,,,,,,,,,51.954994
5/11/2021,06:07:00,,,,,,,,,,51.954994
5/11/2021,06:08:00,,,,,,,,,,51.954994
5/11/2021,06:09:00,,,,,,,,,,51.954994
5/11/2021,06:10:00,,,,,,,,,,51.954994
5/11/2021,06:11:00,,,,,,,,,,51.954994
5/11/2021,06:12:00,,,,,,,,,,51.954994
5/11/2021,06:13:00,,,,,,,,,,51.954994
5/11/2021,06:14:00,,,,,,,,,,51.954994
5/11/2021,06:15:00,60.937317,0.000023,0.000023,1.410304,6.397696,65.493607,45.248665,63.000000,0.771875,51.954994
5/11/2021,06:16:00,,,,,,,,,,51.954994
5/11/2021,06:17:00,,,,,,,,,,51.954994
5/11/2021,06:18:00,,,,,,,,,,51.954994
5/11/2021,06:19:00,,,,,,,,,,51.954994
5/11/2021,06:20:00,,,,,,,,,,51.954994
5/11/2021,06:21:00,,,,,,,,,,51.954994
5/11/2021,06:22:00,,,,,,,,,,51.954994
5/11/2021,06:23:00,,,,,,,,,,51.954994
5/11/2021,06:24:00,,,,,,,,,,51.954994
5/11/2021,06:25:00,,,,,,,,,,51.954994
5/11/2021,06:26:00,,,,,,,,,,51.954994
5/11/2021,06:27:00,,,,,,,,,,51.954994
5/11/2021,06:28:00,,,,,,,,,,51.954994
5/11/2021,06:29:00,,,,,,,,,,51.849998
5/11/2021,06:30:00,67.187302,0.000023,0.000023,3.859340,6.497660,66.350769,45.464947,63.000000,0.744687,51.849998
5/11/2021,06:31:00,,,,,,,,,,51.849998
5/11/2021,06:32:00,,,,,,,,,,51.849998
5/11/2021,06:33:00,,,,,,,,,,51.744995
5/11/2021,06:34:00,,,,,,,,,,51.744995
5/11/2021,06:35:00,,,,,,,,,,51.744995
5/11/2021,06:36:00,,,,,,,,,,51.744995
5/11/2021,06:37:00,,,,,,,,,,51.744995
5/11/2021,06:38:00,,,,,,,,,,51.744995
5/11/2021,06:39:00,,,,,,,,,,51.639999
5/11/2021,06:40:00,,,,,,,,,,51.639999
5/11/2021,06:41:00,,,,,,,,,,51.639999
5/11/2021,06:42:00,,,,,,,,,,51.639999
5/11/2021,06:43:00,,,,,,,,,,51.639999
5/11/2021,06:44:00,,,,,,,,,,51.639999
5/11/2021,06:45:00,72.537285,8.200867,0.000023,0.000000,6.697588,62.621750,46.672623,63.000000,0.716562,51.639999
5/11/2021,06:46:00,,,,,,,,,,51.639999
5/11/2021,06:47:00,,,,,,,,,,51.639999
5/11/2021,06:48:00,,,,,,,,,,51.639999
5/11/2021,06:49:00,,,,,,,,,,51.639999
5/11/2021,06:50:00,,,,,,,,,,51.639999
5/11/2021,06:51:00,,,,,,,,,,51.639999
5/11/2021,06:52:00,,,,,,,,,,51.639999
5/11/2021,06:53:00,,,,,,,,,,51.639999
5/11/2021,06:54:00,,,,,,,,,,51.639999
5/11/2021,06:55:00,,,,,,,,,,51.639999
5/11/2021,06:56:00,,,,,,,,,,51.639999
5/11/2021,06:57:00,,,,,,,,,,51.639999
5/11/2021,06:58:00,,,,,,,,,,51.639999
5/11/2021,06:59:00,,,,,,,,,,51.639999
5/11/2021,07:00:00,60.818565,23.297241,0.000023,0.000000,6.297732,58.243801,45.005680,63.000000,0.764062,51.779999
5/11/2021,07:01:00,,,,,,,,,,51.779999
5/11/2021,07:02:00,,,,,,,,,,51.744995
5/11/2021,07:03:00,,,,,,,,,,51.744995
5/11/2021,07:04:00,,,,,,,,,,51.744995
5/11/2021,07:05:00,,,,,,,,,,51.744995
5/11/2021,07:06:00,,,,,,,,,,51.744995
5/11/2021,07:07:00,,,,,,,,,,51.744995
5/11/2021,07:08:00,,,,,,,,,,51.744995
5/11/2021,07:09:00,,,,,,,,,,51.744995
5/11/2021,07:10:00,,,,,,,,,,51.744995
5/11/2021,07:11:00,,,,,,,,,,51.779999
5/11/2021,07:12:00,,,,,,,,,,51.779999
5/11/2021,07:13:00,,,,,,,,,,51.779999
5/11/2021,07:14:00,,,,,,,,,,51.779999
5/11/2021,07:15:00,,,,,,,,,,51.779999
5/11/2021,07:16:00,,,,,,,,,,51.779999
5/11/2021,07:17:00,,,,,,,,,,51.779999
5/11/2021,07:18:00,,,,,,,,,,51.779999
5/11/2021,07:19:00,,,,,,,,,,51.849998
5/11/2021,07:20:00,,,,,,,,,,51.849998
5/11/2021,07:21:00,,,,,,,,,,51.849998
5/11/2021,07:22:00,,,,,,,,,,51.849998
5/11/2021,07:23:00,,,,,,,,,,51.954994
5/11/2021,07:24:00,,,,,,,,,,51.954994
5/11/2021,07:25:00,,,,,,,,,,52.164993
5/11/2021,07:26:00,,,,,,,,,,52.269997
5/11/2021,07:27:00,,,,,,,,,,52.375000
5/11/2021,07:28:00,,,,,,,,,,52.375000
5/11/2021,07:29:00,,,,,,,,,,52.479996
5/11/2021,07:30:00,,,,,,,,,,52.549995
5/11/2021,07:31:00,,,,,,,,,,52.724998
5/11/2021,07:32:00,,,,,,,,,,52.969994
5/11/2021,07:33:00,,,,,,,,,,52.969994
5/11/2021,07:34:00,,,,,,,,,,52.969994
5/11/2021,07:35:00,,,,,,,,,,52.829994
5/11/2021,07:36:00,,,,,,,,,,52.619995
5/11/2021,07:37:00,,,,,,,,,,52.479996
5/11/2021,07:38:00,,,,,,,,,,52.479996
5/11/2021,07:39:00,,,,,,,,,,52.234993
5/11/2021,07:40:00,,,,,,,,,,52.269997
5/11/2021,07:41:00,,,,,,,,,,52.375000
5/11/2021,07:42:00,,,,,,,,,,52.445000
5/11/2021,07:43:00,,,,,,,,,,52.549995
5/11/2021,07:44:00,,,,,,,,,,52.549995
5/11/2021,07:45:00,,,,,,,,,,52.654999
5/11/2021,07:46:00,,,,,,,,,,52.724998
5/11/2021,07:47:00,,,,,,,,,,52.934998
5/11/2021,07:48:00,,,,,,,,,,53.250000
5/11/2021,07:49:00,,,,,,,,,,53.529999
5/11/2021,07:50:00,,,,,,,,,,53.529999
5/11/2021,07:51:00,,,,,,,,,,53.529999
5/11/2021,07:52:00,,,,,,,,,,53.634995
5/11/2021,07:53:00,,,,,,,,,,53.669998
5/11/2021,07:54:00,,,,,,,,,,53.774994
5/11/2021,07:55:00,,,,,,,,,,53.879997
5/11/2021,07:56:00,,,,,,,,,,53.879997
5/11/2021,07:57:00,,,,,,,,,,54.055000
5/11/2021,07:58:00,,,,,,,,,,54.125000
5/11/2021,07:59:00,,,,,,,,,,54.264999
5/11/2021,08:00:00,,,,,,,,,,53.949997
5/11/2021,08:01:00,,,,,,,,,,53.739998
5/11/2021,08:02:00,,,,,,,,,,53.739998
5/11/2021,08:03:00,,,,,,,,,,53.949997
5/11/2021,08:04:00,,,,,,,,,,54.055000
5/11/2021,08:05:00,,,,,,,,,,54.159996
5/11/2021,08:06:00,,,,,,,,,,54.334999
5/11/2021,08:07:00,,,,,,,,,,54.334999
5/11/2021,08:08:00,,,,,,,,,,54.474998
5/11/2021,08:09:00,,,,,,,,,,54.649994
5/11/2021,08:10:00,,,,,,,,,,54.964996
5/11/2021,08:11:00,,,,,,,,,,55.279999
5/11/2021,08:12:00,,,,,,,,,,55.419998
5/11/2021,08:13:00,,,,,,,,,,55.559998
5/11/2021,08:14:00,,,,,,,,,,55.629997
5/11/2021,08:15:00,,,,,,,,,,55.244995
5/11/2021,08:16:00,,,,,,,,,,55.349998
5/11/2021,08:17:00,,,,,,,,,,55.559998
5/11/2021,08:18:00,,,,,,,,,,55.805000
5/11/2021,08:19:00,,,,,,,,,,55.979996
5/11/2021,08:20:00,,,,,,,,,,56.014999
5/11/2021,08:21:00,,,,,,,,,,56.049995
5/11/2021,08:22:00,,,,,,,,,,56.154999
5/11/2021,08:23:00,,,,,,,,,,56.224998
5/11/2021,08:24:00,,,,,,,,,,56.434998
5/11/2021,08:25:00,,,,,,,,,,56.434998
5/11/2021,08:26:00,,,,,,,,,,56.574997
5/11/2021,08:27:00,,,,,,,,,,56.680000
5/11/2021,08:28:00,,,,,,,,,,56.854996
5/11/2021,08:29:00,,,,,,,,,,56.959999
5/11/2021,08:30:00,,,,,,,,,,57.239998
5/11/2021,08:31:00,,,,,,,,,,57.449997
5/11/2021,08:32:00,,,,,,,,,,57.555000
5/11/2021,08:33:00,,,,,,,,,,57.659996
5/11/2021,08:34:00,,,,,,,,,,57.869995
5/11/2021,08:35:00,,,,,,,,,,57.729996
5/11/2021,08:36:00,,,,,,,,,,57.659996
5/11/2021,08:37:00,,,,,,,,,,57.449997
5/11/2021,08:38:00,,,,,,,,,,57.449997
5/11/2021,08:39:00,,,,,,,,,,57.449997
5/11/2021,08:40:00,,,,,,,,,,57.659996
5/11/2021,08:41:00,,,,,,,,,,57.659996
5/11/2021,08:42:00,,,,,,,,,,57.869995
5/11/2021,08:43:00,,,,,,,,,,57.449997
5/11/2021,08:44:00,,,,,,,,,,57.764999
5/11/2021,08:45:00,,,,,,,,,,57.834999
5/11/2021,08:46:00,,,,,,,,,,58.044998
5/11/2021,08:47:00,,,,,,,,,,58.044998
5/11/2021,08:48:00,,,,,,,,,,58.044998
5/11/2021,08:49:00,,,,,,,,,,58.044998
5/11/2021,08:50:00,,,,,,,,,,57.625000
5/11/2021,08:51:00,,,,,,,,,,57.625000
5/11/2021,08:52:00,,,,,,,,,,57.625000
5/11/2021,08:53:00,,,,,,,,,,57.555000
5/11/2021,08:54:00,,,,,,,,,,57.555000
5/11/2021,08:55:00,,,,,,,,,,57.659996
5/11/2021,08:56:00,,,,,,,,,,57.344994
5/11/2021,08:57:00,,,,,,,,,,57.239998
5/11/2021,08:58:00,,,,,,,,,,57.064995
5/11/2021,08:59:00,,,,,,,,,,57.239998
5/11/2021,09:00:00,,,,,,,,,,57.659996
5/11/2021,09:01:00,,,,,,,,,,58.044998
5/11/2021,09:02:00,,,,,,,,,,58.359993
5/11/2021,09:03:00,,,,,,,,,,58.359993
5/11/2021,09:04:00,,,,,,,,,,58.570000
5/11/2021,09:05:00,,,,,,,,,,58.570000
5/11/2021,09:06:00,,,,,,,,,,58.674995
5/11/2021,09:07:00,,,,,,,,,,58.674995
5/11/2021,09:08:00,,,,,,,,,,58.779999
5/11/2021,09:09:00,,,,,,,,,,58.534996
5/11/2021,09:10:00,,,,,,,,,,58.534996
5/11/2021,09:11:00,,,,,,,,,,58.570000
5/11/2021,09:12:00,,,,,,,,,,58.534996
5/11/2021,09:13:00,,,,,,,,,,58.219994
5/11/2021,09:14:00,,,,,,,,,,58.219994
5/11/2021,09:15:00,,,,,,,,,,58.254997
5/11/2021,09:16:00,,,,,,,,,,58.254997
5/11/2021,09:17:00,,,,,,,,,,58.149994
5/11/2021,09:18:00,,,,,,,,,,57.834999
5/11/2021,09:19:00,,,,,,,,,,57.764999
5/11/2021,09:20:00,,,,,,,,,,57.869995
5/11/2021,09:21:00,,,,,,,,,,58.044998
5/11/2021,09:22:00,,,,,,,,,,58.254997
5/11/2021,09:23:00,,,,,,,,,,57.939995
5/11/2021,09:24:00,,,,,,,,,,57.869995
5/11/2021,09:25:00,,,,,,,,,,58.044998
5/11/2021,09:26:00,,,,,,,,,,57.519997
5/11/2021,09:27:00,,,,,,,,,,57.239998
5/11/2021,09:28:00,,,,,,,,,,56.539993
5/11/2021,09:29:00,,,,,,,,,,56.539993
5/11/2021,09:30:00,,,,,,,,,,57.169998
5/11/2021,09:31:00,,,,,,,,,,57.274994
5/11/2021,09:32:00,,,,,,,,,,57.274994
5/11/2021,09:33:00,,,,,,,,,,57.379997
5/11/2021,09:34:00,,,,,,,,,,57.974998
5/11/2021,09:35:00,,,,,,,,,,58.359993
5/11/2021,09:36:00,,,,,,,,,,58.464996
5/11/2021,09:37:00,,,,,,,,,,58.570000
5/11/2021,09:38:00,,,,,,,,,,58.604996
5/11/2021,09:39:00,,,,,,,,,,58.254997
5/11/2021,09:40:00,,,,,,,,,,58.079994
5/11/2021,09:41:00,,,,,,,,,,58.079994
5/11/2021,09:42:00,,,,,,,,,,58.149994
5/11/2021,09:42:22,61.299820,0.056015,0.950000,1.184976,24.791071,65.594322,89.388542,61.025455,2.036249,60.669998
5/11/2021,09:42:38,,,,2.185189
5/11/2021,09:43:00,,,,,,,,,2.152499
5/11/2021,09:43:03,,,,,,,,,2.041562
5/11/2021,09:43:07,,,,,,,,,,61.859993
5/11/2021,09:43:08,,,,,,,,,2.151875
5/11/2021,09:43:25,,,,,,,,,2.031250
5/11/2021,09:43:38,,,,,23.691467
5/11/2021,09:43:43,,,,,,,,,2.133749
5/11/2021,09:44:07,,,,,,,,,2.019375
5/11/2021,09:44:22,61.299820,0.056015,0.950000,2.185189,23.691467,65.594322,88.344154,61.025455,2.019375,61.859993
5/11/2021,09:44:25,,,,,,,,,2.141562
5/11/2021,09:44:33,,,,,,,,,2.011874
5/11/2021,09:45:28,,,,,21.992079
5/11/2021,09:45:29,,,,,23.291611
5/11/2021,09:45:31,,,,3.189610
5/11/2021,09:45:33,,,,,,,,,2.119687
5/11/2021,09:45:37,,,,,,,,,,60.529999
5/11/2021,09:45:43,,,,,,,,,2.008749
5/11/2021,09:46:23,61.299820,0.056015,0.950000,3.189610,23.291611,65.594322,88.344154,61.025455,2.008749,60.529999
5/11/2021,09:47:12,,,,,,,87.298080
5/11/2021,09:47:43,,,,,21.992079
5/11/2021,09:47:45,,,,,23.091682
5/11/2021,09:48:03,,,,4.190521
5/11/2021,09:48:23,61.299820,0.056015,0.950000,4.190521,23.091682,65.594322,87.298080,61.025455,2.008749,60.529999
5/11/2021,09:50:02,,,,,,66.594856
5/11/2021,09:50:23,61.299820,0.056015,0.950000,4.190521,23.091682,66.594856,87.298080,61.025455,2.008749,60.529999
5/11/2021,09:52:04,,,,,21.892115
5/11/2021,09:52:23,61.299820,0.056015,0.950000,4.190521,21.892115,66.594856,87.298080,61.025455,2.008749,60.529999
5/11/2021,09:52:48,,,,,22.991718
5/11/2021,09:53:02,,,,5.191715
5/11/2021,09:53:52,,,,,,,,,1.884687
5/11/2021,09:53:53,,,,,,,,,1.993437
5/11/2021,09:54:23,61.299820,0.056015,0.950000,5.191715,22.991718,66.594856,87.298080,61.025455,1.993437,60.529999
5/11/2021,09:54:25,,,,,,,,,1.886874
5/11/2021,09:54:27,,,,,,,,,2.018124
5/11/2021,09:54:31,,,,,,,,,1.893124
5/11/2021,09:54:32,,,,,,,,,2.009687
5/11/2021,09:54:33,,,,,,,,,1.855312
5/11/2021,09:54:34,,,,,,,,,1.972499
5/11/2021,09:54:58,,,,,,,,,1.866562
5/11/2021,09:55:01,,,,,,,,,2.009062
5/11/2021,09:55:24,,,,6.193367
5/11/2021,09:55:27,,,,,,,,,1.903749
5/11/2021,09:55:29,,,,,,,,,2.039687
5/11/2021,09:55:32,,,,,,,,,1.932187
5/11/2021,09:56:23,61.299820,0.056015,0.950000,,22.991718,66.594856,87.298080,61.025455,1.932187,60.529999
5/11/2021,09:56:24,,,,6.193367
5/11/2021,09:56:35,,,,,,,,,2.039062
5/11/2021,09:56:38,,,,,,,,,1.934999
5/11/2021,09:57:03,,,,,,,,,2.035312
5/11/2021,09:57:23,,,,,,,,,1.934374
5/11/2021,09:57:30,,,,,,,,,2.051249
5/11/2021,09:57:33,,,,,,,,,1.905624
5/11/2021,09:57:47,,,,,,,,,2.014374
5/11/2021,09:58:24,61.299820,0.056015,0.950000,6.193367,22.991718,66.594856,87.298080,61.025455,2.014374,60.529999
5/11/2021,09:58:32,,,,,,,,,1.906249
5/11/2021,09:58:34,,,,,,,,,2.009687
5/11/2021,09:58:43,,,,,,,,,1.897499
5/11/2021,09:58:44,,,,,,,,,2.022812
5/11/2021,09:58:46,,,,,,,,,1.911874
5/11/2021,09:58:48,,,,,,,,,2.050624
5/11/2021,09:58:49,,,,,,,,,1.949687
5/11/2021,10:00:24,61.299820,0.056015,0.950000,6.193367,22.991718,66.594856,87.298080,61.025455,1.949687,60.529999
5/11/2021,10:01:10,,,,,,,,,1.848437
5/11/2021,10:01:15,,,,,,,,,1.950312
5/11/2021,10:01:18,,,,,24.091324
5/11/2021,10:01:24,,,,,22.791792
5/11/2021,10:02:03,,,,,23.991360
5/11/2021,10:02:24,61.299820,0.056015,0.950000,6.193367,23.991360,66.594856,87.298080,61.025455,1.950312,60.529999
5/11/2021,10:02:37,,,,,,,,,,61.614998
5/11/2021,10:02:52,,,,,,,88.333290
5/11/2021,10:03:44,,,,7.202148
5/11/2021,10:04:24,61.299820,0.056015,0.950000,7.202148,23.991360,66.594856,88.333290,61.025455,1.950312,61.614998
5/11/2021,10:04:33,,,,,,67.595833
5/11/2021,10:04:49,,,,,,,,,2.051562
5/11/2021,10:04:52,,,,,,,,,1.862499
5/11/2021,10:04:53,,,,,,,,,2.024374
5/11/2021,10:04:58,,,,,22.491899
5/11/2021,10:05:00,,,,,23.691467
5/11/2021,10:05:31,,,,,,,,,1.921562
5/11/2021,10:05:33,,,,,,,,,2.021562
5/11/2021,10:06:24,61.299820,0.056015,0.950000,7.202148,23.691467,67.595833,88.333290,61.025455,2.021562,61.614998
5/11/2021,10:06:37,,,,,,,,,,60.424995
5/11/2021,10:07:43,,,,,,,,,1.909687
5/11/2021,10:07:44,,,,,,,,,2.017187
5/11/2021,10:08:10,,,,,,,,,2.024062
5/11/2021,10:08:13,,,,,,,,,1.902187
5/11/2021,10:08:14,,,,,,,,,2.020624
5/11/2021,10:08:24,61.299820,0.056015,0.950000,7.202148,23.691467,67.595833,88.333290,61.025455,2.020624,60.424995
5/11/2021,10:10:24,61.299820,0.056015,0.950000,7.202148,23.691467,67.595833,88.333290,61.025455,2.020624,60.424995
5/11/2021,10:11:16,,,,,,,,,1.895312
5/11/2021,10:11:17,,,,,,,,,2.017812
5/11/2021,10:12:14,,,,,,,,,1.914062
5/11/2021,10:12:24,,,,,,,,,2.018124
5/11/2021,10:12:25,61.299820,0.056015,0.950000,7.202148,23.691467,67.595833,88.333290,61.025455,2.018124,60.424995
5/11/2021,10:13:32,,,,,,,,,1.894374
5/11/2021,10:13:33,,,,,,,,,2.020624
5/11/2021,10:13:39,,,,,,,,,1.902812
5/11/2021,10:13:40,,,,,,,,,2.021562
5/11/2021,10:13:43,,,,,,,,,1.915624
5/11/2021,10:13:49,,,,,,,,,2.022812
5/11/2021,10:13:51,,,,,,,,,1.895937
5/11/2021,10:13:53,,,,,,,,,2.008124
5/11/2021,10:14:25,61.299820,0.056015,0.950000,7.202148,23.691467,67.595833,88.333290,61.025455,2.008124,60.424995
5/11/2021,10:14:37,,,,,,,,,2.008749
5/11/2021,10:15:07,,,,,,,,,,61.544998
5/11/2021,10:15:24,,,,,25.090963
5/11/2021,10:15:25,,,,,23.891396
5/11/2021,10:15:36,,,,,,,,,1.885312
5/11/2021,10:15:39,,,,,,,,,2.000000
5/11/2021,10:16:20,,,,,,,,,1.890312
5/11/2021,10:16:21,,,,,,,,,1.990937
5/11/2021,10:16:25,61.299820,0.056015,0.950000,7.202148,23.891396,67.595833,88.333290,61.025455,1.990937,61.544998
5/11/2021,10:16:27,,,,,,,89.361183
5/11/2021,10:16:38,,,,,,,,,1.887500
5/11/2021,10:16:56,,,,,,,,,1.989999
5/11/2021,10:17:03,,,,,,,,,1.888124
5/11/2021,10:17:10,,,,,,,,,2.001874
5/11/2021,10:17:28,,,,,,,,,1.898749
5/11/2021,10:17:32,,,,,,,,,1.999687
5/11/2021,10:17:48,,,,,,,,,1.898749
5/11/2021,10:18:18,,,,,25.090963
5/11/2021,10:18:25,61.299820,0.056015,0.950000,7.202148,25.090963,67.595833,89.361183,61.025455,1.898749,61.544998
5/11/2021,10:18:28,,,,,23.991360
5/11/2021,10:18:42,,,,,,,,,1.999062
5/11/2021,10:18:45,,,,,,,,,1.875000
5/11/2021,10:18:47,,,,,,,,,1.977499
5/11/2021,10:19:13,,,,,25.090963
5/11/2021,10:19:22,,,,,,,90.439774,,1.876562
5/11/2021,10:19:28,,,,,,,,,1.977499
5/11/2021,10:19:37,,,,,,,,,1.964374
5/11/2021,10:20:16,,,,8.207724
5/11/2021,10:20:25,61.299820,0.056015,0.950000,8.207724,25.090963,67.595833,90.439774,61.025455,1.964374,61.544998
5/11/2021,10:20:37,,,,,,,,,,60.494995
5/11/2021,10:22:25,61.299820,0.056015,0.950000,8.207724,25.090963,67.595833,90.439774,61.025455,1.964374,60.494995
5/11/2021,10:23:53,,,,,,,,,2.069375
5/11/2021,10:23:57,,,,,,,,,1.937812
5/11/2021,10:23:58,,,,,,,,,2.047187
5/11/2021,10:24:01,,,,,,,,,1.924375
5/11/2021,10:24:06,,,,,,,,,2.033124
5/11/2021,10:24:26,61.299820,0.056015,0.950000,8.207724,25.090963,67.595833,90.439774,61.025455,2.033124,60.494995
5/11/2021,10:24:59,,,,,,,,,1.922499
5/11/2021,10:25:00,,,,,,,,,2.036249
5/11/2021,10:25:42,,,,,,,,,1.903749
5/11/2021,10:25:43,,,,,,,,,2.015000
5/11/2021,10:25:44,,,,,26.290531
5/11/2021,10:25:49,,,,,25.090963
5/11/2021,10:26:26,61.299820,0.056015,0.950000,8.207724,25.090963,67.595833,90.439774,61.025455,2.015000,60.494995
5/11/2021,10:28:07,,,,,,,,,,61.754997
5/11/2021,10:28:26,61.299820,0.056015,0.950000,8.207724,25.090963,67.595833,90.439774,61.025455,2.015000,61.754997
5/11/2021,10:29:38,,,,,23.891396
5/11/2021,10:30:26,61.299820,0.056015,0.950000,8.207724,23.891396,67.595833,90.439774,61.025455,2.015000,61.754997
5/11/2021,10:30:33,60.287323
5/11/2021,10:32:20,,,,7.207118
5/11/2021,10:32:26,60.287323,0.056015,0.950000,7.207118,23.891396,67.595833,90.439774,61.025455,2.015000,61.754997
5/11/2021,10:34:26,60.287323,0.056015,0.950000,,23.891396,67.595833,90.439774,61.025455,2.015000,61.754997
5/11/2021,10:34:27,,,,7.207118
5/11/2021,10:35:22,,,,,,,89.319725
5/11/2021,10:35:35,,,,,,,,,2.118437
5/11/2021,10:35:47,,,,,,,,,1.998437
5/11/2021,10:36:05,,,,,,,,,2.102499
5/11/2021,10:36:27,60.287323,0.056015,0.950000,7.207118,23.891396,67.595833,89.319725,61.025455,2.102499,61.754997
5/11/2021,10:36:32,,,,,,,,,1.978750
5/11/2021,10:36:38,,,,,,,,,2.084062
5/11/2021,10:36:42,,,,,,,,,1.960624
5/11/2021,10:36:46,,,,,,,,,2.109999
5/11/2021,10:36:47,,,,,,,,,1.991562
5/11/2021,10:36:55,,,,,,,,,2.093125
5/11/2021,10:37:03,,,,,,,,,2.084374
5/11/2021,10:37:29,61.287323
5/11/2021,10:37:48,,,,,,,,,1.970000
5/11/2021,10:37:49,,,,,,,,,2.073124
5/11/2021,10:38:06,,,,,,,,,1.967812
5/11/2021,10:38:07,,,,,,,88.290939,,2.081249
5/11/2021,10:38:27,61.287323,0.056015,0.950000,7.207118,23.891396,67.595833,88.290939,61.025455,2.081249,61.754997
5/11/2021,10:38:44,,,,,,,,,1.979687
5/11/2021,10:39:58,,,,8.209184
5/11/2021,10:40:27,61.287323,0.056015,0.950000,8.209184,23.891396,67.595833,88.290939,61.025455,1.979687,61.754997
5/11/2021,10:41:37,,,,,,,,,,62.769997
5/11/2021,10:42:27,61.287323,0.056015,0.950000,8.209184,23.891396,67.595833,88.290939,61.025455,1.979687,62.769997
5/11/2021,10:44:11,,,,9.209528
5/11/2021,10:44:27,61.287323,0.056015,0.950000,9.209528,23.891396,67.595833,88.290939,61.025455,1.979687,62.769997
5/11/2021,10:46:27,61.287323,0.056015,0.950000,,23.891396,67.595833,88.290939,61.025455,1.979687,62.769997
5/11/2021,10:46:28,,,,9.209528
5/11/2021,10:47:10,,,,10.209546
5/11/2021,10:47:19,,,,,,68.597351
5/11/2021,10:47:53,,,,,,,,,2.112812
5/11/2021,10:47:58,,,,,22.192007
5/11/2021,10:47:59,,,,,23.691467
5/11/2021,10:48:02,,,,,,,,,2.010312
5/11/2021,10:48:20,,,,,,,,,1.898124
5/11/2021,10:48:21,,,,,,,,,2.069687
5/11/2021,10:48:24,,,,,,,,,1.943437
5/11/2021,10:48:26,,,,,,,,,2.063437
5/11/2021,10:48:28,61.287323,0.056015,0.950000,10.209546,23.691467,68.597351,88.290939,61.025455,2.063437,62.769997
5/11/2021,10:48:44,,,,,,,,,1.962187
5/11/2021,10:48:48,,,,,,,,,2.066874
5/11/2021,10:49:09,,,,,,,,,1.959374
5/11/2021,10:49:15,,,,,,,,,2.090624
5/11/2021,10:49:22,,,,,,,,,1.989374
5/11/2021,10:49:34,,,,,,,,,2.091874
5/11/2021,10:49:41,,,,,,,,,1.987812
5/11/2021,10:50:04,,,,,,,,,2.095937
5/11/2021,10:50:06,,,,,,,,,1.980937
5/11/2021,10:50:07,,,,,,,,,,63.854996
5/11/2021,10:50:08,,,,,22.591864
5/11/2021,10:50:28,61.287323,0.056015,0.950000,10.209546,23.691467,68.597351,88.290939,61.025455,2.095312,63.854996
5/11/2021,10:50:31,,,,,,,,,1.983124
5/11/2021,10:50:38,,,,11.237923
5/11/2021,10:51:03,,,,,,,,,2.095312
5/11/2021,10:51:04,,,,,,,,,1.993437
5/11/2021,10:51:05,,,,,,,,,2.114374
5/11/2021,10:51:06,,,,,,,,,2.010312
5/11/2021,10:51:12,,,,,,,87.246490
5/11/2021,10:52:23,,,,,22.591864
5/11/2021,10:52:28,61.287323,0.056015,0.950000,11.237923,22.591864,68.597351,87.246490,61.025455,2.010312,63.854996
5/11/2021,10:52:45,,,,,,,,,1.814999
5/11/2021,10:52:46,,,,,,,,,1.958750
5/11/2021,10:53:45,,,,,,,,,1.984374
5/11/2021,10:53:49,,,,12.238638
5/11/2021,10:53:53,,,,,,,,,1.883437
5/11/2021,10:53:54,,,,,,,,,2.005312
5/11/2021,10:53:55,,,,,,,,,1.893124
5/11/2021,10:53:56,,,,,,,,,2.016562
5/11/2021,10:54:09,,,,,,,,,1.914687
5/11/2021,10:54:28,61.287323,0.056015,0.950000,12.238638,22.591864,68.597351,87.246490,61.025455,2.028437,63.854996
5/11/2021,10:54:32,,,,,,,,,1.909999
5/11/2021,10:54:34,60.287323
5/11/2021,10:54:37,,,,,,,,,2.013749
5/11/2021,10:54:49,,,,,,,,,1.909062
5/11/2021,10:54:53,,,,,23.891396
5/11/2021,10:55:07,,,,,,,,,2.018124
5/11/2021,10:56:27,,,,,,,88.391129,,1.885624
5/11/2021,10:56:28,60.287323,0.056015,0.950000,12.238638,23.891396,68.597351,88.391129,61.025455,1.885624,63.854996
5/11/2021,10:56:29,,,,,,,,,1.992812
5/11/2021,10:57:00,,,,,,,,,1.823437
5/11/2021,10:57:01,,,,,,,,,1.957187
5/11/2021,10:57:37,,,,,,,,59.998787
5/11/2021,10:57:41,,,,,,69.602028
5/11/2021,10:57:50,,,,13.248355
5/11/2021,10:58:28,60.287323,,0.950000,,,69.602028,88.391129,59.998787,1.957187,63.854996
5/11/2021,10:58:29,,0.056015,,13.248355,23.891396
5/11/2021,10:59:03,,,,,,,,,1.971874
5/11/2021,10:59:19,,,,,,,,,1.855624
5/11/2021,10:59:20,,,,,,,,,1.966874
5/11/2021,10:59:42,,,,,,,,,1.951562
5/11/2021,11:00:29,60.287323,0.056015,0.950000,13.248355,23.891396,69.602028,88.391129,59.998787,1.951562,63.854996
5/11/2021,11:00:48,,,,,,,,,1.946874
5/11/2021,11:01:10,,,,14.248504
5/11/2021,11:02:22,,,,,,,89.504532
5/11/2021,11:02:29,60.287323,0.056015,0.950000,14.248504,23.891396,69.602028,89.504532,59.998787,1.946874,63.854996
5/11/2021,11:04:23,,,,,25.190928
5/11/2021,11:04:29,60.287323,0.056015,0.950000,14.248504,25.190928,69.602028,89.504532,59.998787,1.946874,63.854996
5/11/2021,11:05:45,,,,,,,,,2.051562
5/11/2021,11:05:53,,,,,,,,,1.948749
5/11/2021,11:05:57,,,,,,,,,2.049374
5/11/2021,11:05:59,,,,,,,,,1.920312
5/11/2021,11:06:09,,,,,,,,,2.028437
5/11/2021,11:06:25,,,,,,,,,2.043124
5/11/2021,11:06:29,60.287323,0.056015,0.950000,14.248504,25.190928,69.602028,89.504532,59.998787,2.043124,63.854996
5/11/2021,11:06:40,,,,,,,,,1.934999
5/11/2021,11:06:55,,,,,,,,,2.036249
5/11/2021,11:06:59,,,,,,,,,1.903437
5/11/2021,11:07:01,,,,,,,,,2.029062
5/11/2021,11:07:06,,,,,,,,,1.927812
5/11/2021,11:07:09,,,,,,,,,2.036249
5/11/2021,11:07:21,,,,,,,,,1.923124
5/11/2021,11:07:40,,,,,,,,,2.031874
5/11/2021,11:07:41,,,,,,,,,1.924375
5/11/2021,11:07:46,,,,,,,,,2.040312
5/11/2021,11:07:50,,,,,,,,,1.927812
5/11/2021,11:07:53,,,,,,,,,2.034687
5/11/2021,11:08:07,,,,,,,90.522209
5/11/2021,11:08:15,,,,,,,,,1.928750
5/11/2021,11:08:29,60.287323,0.056015,0.950000,14.248504,25.190928,69.602028,90.522209,59.998787,1.928750,63.854996
5/11/2021,11:08:34,,,,,,,,,2.036249
5/11/2021,11:08:55,,,,,,,,,1.933749
5/11/2021,11:09:17,,,,,,,,,2.048749
5/11/2021,11:09:23,,,,,,,,,1.940624
5/11/2021,11:09:25,,,,,,,,,2.063437
5/11/2021,11:09:28,,,,,,,,,1.954375
5/11/2021,11:09:30,,,,,,,,,2.059062
5/11/2021,11:09:33,,,,,,,,,1.926562
5/11/2021,11:09:34,,,,,,,,,2.033124
5/11/2021,11:09:58,,,,,23.591503
5/11/2021,11:10:00,,,,,24.791071
5/11/2021,11:10:29,60.287323,,0.950000,,,69.602028,90.522209,59.998787,2.033124,63.854996
5/11/2021,11:10:30,,0.056015,,14.248504,24.791071
5/11/2021,11:12:30,60.287323,0.056015,0.950000,14.248504,24.791071,69.602028,90.522209,59.998787,2.033124,63.854996
5/11/2021,11:12:34,,,,,,,,,1.912812
5/11/2021,11:12:36,,,,,,,,,2.045937
5/11/2021,11:13:41,,,,,,,,,1.900000
5/11/2021,11:13:42,,,,,,,,,2.016562
5/11/2021,11:14:30,60.287323,0.056015,0.950000,14.248504,24.791071,69.602028,90.522209,59.998787,2.016562,63.854996
5/11/2021,11:14:37,,,,,,,89.495407
5/11/2021,11:14:51,,,,,,,,,2.020937
5/11/2021,11:15:44,,,,,,,,,1.909999
5/11/2021,11:15:49,,,,,,,,,2.019375
5/11/2021,11:16:01,,,,,,,,,2.018124
5/11/2021,11:16:05,,,,,,,,,1.891562
5/11/2021,11:16:06,,,,,,,,,2.026874
5/11/2021,11:16:30,60.287323,0.056015,0.950000,14.248504,24.791071,69.602028,89.495407,59.998787,2.026874,63.854996
5/11/2021,11:16:34,,,,,,,,,1.906562
5/11/2021,11:16:35,,,,,,,,,2.022187
5/11/2021,11:17:15,,,,,,,,,1.858437
5/11/2021,11:17:16,,,,,,,,,2.005312
5/11/2021,11:18:13,,,,,23.691467
5/11/2021,11:18:30,60.287323,0.056015,0.950000,14.248504,23.691467,69.602028,89.495407,59.998787,2.005312,63.854996
5/11/2021,11:18:43,,,,,25.090963
5/11/2021,11:18:48,,,,,23.791431
5/11/2021,11:19:38,,,,,,,,,1.994375
5/11/2021,11:20:12,,,,,,,,,1.996249
5/11/2021,11:20:30,60.287323,0.056015,0.950000,14.248504,23.791431,69.602028,89.495407,59.998787,1.996249,63.854996
5/11/2021,11:21:09,,,,,,,,,1.872812
5/11/2021,11:21:10,,,,,,,,,1.975312
5/11/2021,11:22:07,,,,,,,,,,64.974998
5/11/2021,11:22:17,,,,15.249065
5/11/2021,11:22:30,60.287323,,,,,69.602028,89.495407,59.998787,1.975312,64.974998
5/11/2021,11:22:31,,0.056015,0.950000,15.249065,23.791431
5/11/2021,11:24:03,,,,,24.891035
5/11/2021,11:24:31,60.287323,0.056015,0.950000,15.249065,24.891035,69.602028,89.495407,59.998787,1.975312,64.974998
5/11/2021,11:24:44,,,,,,70.603447
5/11/2021,11:24:58,,,,,23.791431
5/11/2021,11:25:02,,,,,,,,,2.079999
5/11/2021,11:25:10,,,,16.250172
5/11/2021,11:25:14,,,,,,,,,1.960624
5/11/2021,11:25:19,,,,,,,,,2.084999
5/11/2021,11:25:21,,,,,,,,,1.956562
5/11/2021,11:25:23,,,,,,,,,2.066249
5/11/2021,11:25:30,,,,,,,,,1.957187
5/11/2021,11:25:38,,,,,,,,,2.059062
5/11/2021,11:26:07,,,,,,,,,1.942812
5/11/2021,11:26:08,,,,,,,,,2.047187
5/11/2021,11:26:31,60.287323,0.056015,0.950000,16.250172,23.791431,70.603447,89.495407,59.998787,2.047187,64.974998
5/11/2021,11:27:08,,,,,,,,,2.020000
5/11/2021,11:28:31,60.287323,0.056015,0.950000,16.250172,23.791431,70.603447,89.495407,59.998787,2.020000,64.974998
5/11/2021,11:28:37,,,,,,,88.489395
5/11/2021,11:30:31,60.287323,0.056015,0.950000,16.250172,23.791431,70.603447,88.489395,59.998787,2.020000,64.974998
5/11/2021,11:31:25,,,,17.255814
5/11/2021,11:32:03,,,,,22.391935
5/11/2021,11:32:05,,,,,23.491539
5/11/2021,11:32:31,60.287323,0.056015,0.950000,17.255814,23.491539,70.603447,88.489395,59.998787,2.020000,64.974998
5/11/2021,11:33:07,,,,,,,,,2.126562
5/11/2021,11:33:08,,,,,,,,,2.024374
5/11/2021,11:33:47,,,,,,,87.474915
5/11/2021,11:34:31,60.287323,,,,,70.603447,87.474915,59.998787,2.024374,64.974998
5/11/2021,11:34:32,,0.056015,0.950000,17.255814,23.491539
5/11/2021,11:36:32,60.287323,0.056015,0.950000,17.255814,23.491539,70.603447,87.474915,59.998787,2.024374,64.974998
5/11/2021,11:37:28,,,,,22.391935
5/11/2021,11:38:22,,,,,,,86.472275
5/11/2021,11:38:32,60.287323,0.056015,0.950000,17.255814,22.391935,70.603447,86.472275,59.998787,2.024374,64.974998
5/11/2021,11:39:17,,,,,,,,,1.911874
5/11/2021,11:39:18,,,,,,,,,2.034687
5/11/2021,11:40:32,60.287323,0.056015,0.950000,17.255814,22.391935,70.603447,86.472275,59.998787,2.034687,64.974998
5/11/2021,11:40:37,,,,,,,,,,66.024994
5/11/2021,11:40:51,,,,,,,,,1.923124
5/11/2021,11:40:54,,,,,,,,,2.026249
5/11/2021,11:42:26,,,,,,,,,1.918124
5/11/2021,11:42:32,60.287323,0.056015,0.950000,17.255814,22.391935,70.603447,86.472275,59.998787,1.918124,66.024994
5/11/2021,11:43:07,,,,,,,,,,64.939995
5/11/2021,11:43:38,,,,,,,,,2.027187
5/11/2021,11:43:40,,,,,,,,,1.914062
5/11/2021,11:44:24,,,,,,,,,2.024062
5/11/2021,11:44:32,60.287323,0.056015,0.950000,17.255814,22.391935,70.603447,86.472275,59.998787,2.024062,64.939995
5/11/2021,11:44:38,,,,,,,,,1.900000
5/11/2021,11:44:41,,,,,,,,,2.005312
5/11/2021,11:44:45,,,,,,,,,1.902187
5/11/2021,11:44:58,,,,,,,,,2.026874
5/11/2021,11:45:05,,,,,,,,,1.925937
5/11/2021,11:45:39,,,,,,,,,1.954687
5/11/2021,11:46:06,,,,18.256617
5/11/2021,11:46:32,60.287323,,,,,,86.472275,59.998787,1.954687,64.939995
5/11/2021,11:46:33,,0.056015,0.950000,18.256617,22.391935,70.603447
5/11/2021,11:46:43,,,,,23.491539
5/11/2021,11:46:52,,,,,,,87.489830
5/11/2021,11:48:33,60.287323,0.056015,0.950000,18.256617,23.491539,70.603447,87.489830,59.998787,1.954687,64.939995
5/11/2021,11:49:49,,,,,,,,,1.817187
5/11/2021,11:49:50,,,,,,,,,1.942499
5/11/2021,11:49:52,,,,,,,88.594528
5/11/2021,11:50:33,60.287323,0.056015,0.950000,18.256617,23.491539,70.603447,88.594528,59.998787,1.942499,64.939995
5/11/2021,11:52:33,60.287323,0.056015,0.950000,18.256617,23.491539,70.603447,88.594528,59.998787,1.942499,64.939995
5/11/2021,11:52:48,,,,,25.290892
5/11/2021,11:52:54,,,,,23.991360
5/11/2021,11:53:37,,,,,,,89.664780
5/11/2021,11:54:33,60.287323,0.056015,0.950000,18.256617,23.991360,70.603447,89.664780,59.998787,1.942499,64.939995
5/11/2021,11:54:42,,,,,,,,,2.045312
5/11/2021,11:54:44,,,,,,,,,1.927812
5/11/2021,11:55:05,,,,,,,,,2.033437
5/11/2021,11:55:08,,,,,,,,,1.921562
5/11/2021,11:55:18,,,,,25.190928
5/11/2021,11:55:26,,,,,,,,,2.025624
5/11/2021,11:55:34,,,,,,,,,1.888124
5/11/2021,11:55:35,,,,,,,,,1.999687
5/11/2021,11:56:18,,,,,,,,,2.115624
5/11/2021,11:56:19,,,,,,,,,2.001874
5/11/2021,11:56:23,,,,,,,,,1.900000
5/11/2021,11:56:24,,,,,,,,,2.025624
5/11/2021,11:56:33,60.287323,0.056015,0.950000,18.256617,25.190928,70.603447,89.664780,59.998787,1.887500,64.939995
5/11/2021,11:56:34,,,,,,,,,2.030624
5/11/2021,11:56:37,,,,,,,,,1.916874
5/11/2021,11:56:38,,,,,,,,,2.053437
5/11/2021,11:56:40,,,,,,,,,2.022187
5/11/2021,11:56:46,,,,,,71.606583,,,2.048749
5/11/2021,11:56:59,,,,,,,,,1.894687
5/11/2021,11:57:00,,,,,,,,,2.075312
5/11/2021,11:57:08,,,,,23.791431
5/11/2021,11:57:11,,,,,,,,,1.970000
5/11/2021,11:57:37,,,,,,,,,2.089062
5/11/2021,11:57:41,,,,,,,,,2.066249
5/11/2021,11:57:52,,,,,,,,,1.964374
5/11/2021,11:58:13,,,,,25.190928
5/11/2021,11:58:28,,,,,,,,,2.073124
5/11/2021,11:58:30,,,,,,,,,1.971249
5/11/2021,11:58:33,60.287323,,,,,,,59.998787,,64.939995
5/11/2021,11:58:34,,0.056015,0.950000,18.256617,24.091324,71.606583,89.664780,,1.971249
5/11/2021,11:59:03,,,,,,,,,2.081562
5/11/2021,11:59:13,,,,,,,,,1.971874
5/11/2021,11:59:30,,,,19.262344
5/11/2021,11:59:43,,,,,25.290892
5/11/2021,11:59:50,,,,,24.191288
5/11/2021,12:00:03,,,,,,,,,2.079999
5/11/2021,12:00:08,,,,,,,,,1.979062
5/11/2021,12:00:34,60.287323,0.056015,0.950000,19.262344,24.191288,71.606583,89.664780,59.998787,1.979062,64.939995
5/11/2021,12:01:56,,,,,,,,,2.004687
5/11/2021,12:01:57,,,,,,,,,2.002500
5/11/2021,12:01:58,,,,,25.390856
5/11/2021,12:02:05,,,,,24.291250
5/11/2021,12:02:13,,,,,22.991718
5/11/2021,12:02:15,,,,,24.391214
5/11/2021,12:02:34,60.287323,0.056015,0.950000,19.262344,24.391214,71.606583,89.664780,59.998787,2.002500,64.939995
5/11/2021,12:04:28,,,,,23.191647
5/11/2021,12:04:29,,,,,24.291250
5/11/2021,12:04:34,60.287323,0.056015,0.950000,19.262344,24.291250,71.606583,89.664780,59.998787,2.002500,64.939995
5/11/2021,12:05:07,,,,,,,,,,65.954994
5/11/2021,12:06:34,60.287323,0.056015,0.950000,19.262344,24.291250,71.606583,89.664780,59.998787,2.002500,65.954994
5/11/2021,12:07:12,,,,20.265850
5/11/2021,12:07:51,,,,,,,,,1.867500
5/11/2021,12:07:52,,,,,,,,,1.994375
5/11/2021,12:08:28,,,,,,,,,2.021562
5/11/2021,12:08:34,60.287323,0.056015,0.950000,20.265850,24.291250,71.606583,89.664780,59.998787,2.021562,65.954994
5/11/2021,12:09:10,,,,,,,,,1.909687
5/11/2021,12:09:17,,,,,,,,,2.013124
5/11/2021,12:10:34,,,,,,,,59.998787,,65.954994
5/11/2021,12:10:35,60.287323,0.056015,0.950000,20.265850,24.291250,71.606583,89.664780,,2.013124
5/11/2021,12:10:44,,,,,,,,,1.905624
5/11/2021,12:10:49,,,,,,,,,2.009062
5/11/2021,12:10:58,,,,,,,,,1.898749
5/11/2021,12:11:01,,,,,,,,,1.999687
5/11/2021,12:11:12,,,,,,,,,1.896562
5/11/2021,12:11:13,,,,,,,,,1.999687
5/11/2021,12:11:25,,,,,,,,,1.898124
5/11/2021,12:11:31,,,,,,,,,2.005312
5/11/2021,12:11:43,,,,,,,,,1.990937
5/11/2021,12:11:54,,,,,,,,,1.884062
5/11/2021,12:12:01,,,,,,,,,2.020000
5/11/2021,12:12:06,,,,,,,,,1.918124
5/11/2021,12:12:35,60.287323,0.056015,0.950000,20.265850,24.291250,71.606583,89.664780,59.998787,1.918124,65.954994
5/11/2021,12:12:48,,,,,,,,,2.020937
5/11/2021,12:12:56,,,,,,,,,1.905624
5/11/2021,12:12:57,,,,,,,,,2.010312
5/11/2021,12:13:00,,,,,,,,,1.903749
5/11/2021,12:13:10,,,,,,,,,2.029999
5/11/2021,12:13:15,,,,21.266346
5/11/2021,12:14:35,60.287323,0.056015,0.950000,21.266346,24.291250,71.606583,89.664780,59.998787,2.029999,65.954994
5/11/2021,12:14:54,,,,,,,,,1.916250
5/11/2021,12:14:55,,,,,,,,,2.039687
5/11/2021,12:15:37,,,,,,72.608612
5/11/2021,12:16:35,60.287323,0.056015,0.950000,21.266346,24.291250,72.608612,89.664780,59.998787,2.039687,65.954994
5/11/2021,12:17:49,,,,,,,,,1.938437
5/11/2021,12:17:51,,,,,,,,,2.044374
5/11/2021,12:18:00,,,,,,,,,1.927812
5/11/2021,12:18:02,,,,,,,,,2.057187
5/11/2021,12:18:06,,,,,,,,,1.944687
5/11/2021,12:18:12,,,,,,,,,2.049999
5/11/2021,12:18:13,,,,,,,,,1.945312
5/11/2021,12:18:16,,,,,,,,,2.061249
5/11/2021,12:18:17,,,,,,,88.639122
5/11/2021,12:18:35,60.287323,0.056015,0.950000,21.266346,24.291250,72.608612,88.639122,59.998787,2.061249,65.954994
5/11/2021,12:19:13,,,,,22.991718
5/11/2021,12:20:20,,,,,,,,,1.944062
5/11/2021,12:20:21,,,,,,,,,2.047187
5/11/2021,12:20:35,60.287323,0.056015,0.950000,21.266346,22.991718,72.608612,88.639122,59.998787,2.047187,65.954994
5/11/2021,12:21:02,,,,,,,87.633301
5/11/2021,12:22:08,,,,,,,,,1.935624
5/11/2021,12:22:09,,,,,,,,,2.068124
5/11/2021,12:22:21,,,,,,,,,1.966249
5/11/2021,12:22:26,,,,,,,,,2.072187
5/11/2021,12:22:33,,,,,21.892115
5/11/2021,12:22:35,,,,,,,,59.998787,,65.954994
5/11/2021,12:22:36,60.287323,0.056015,0.950000,21.266346,22.991718,72.608612,87.633301,,2.072187
5/11/2021,12:22:43,,,,,,,,,1.953125
5/11/2021,12:22:45,,,,,,,,,2.077812
5/11/2021,12:22:48,,,,,,,,,1.972499
5/11/2021,12:22:50,,,,,,,,,2.082812
5/11/2021,12:22:51,,,,,,,,,1.963749
5/11/2021,12:22:53,,,,,,,,,2.065312
5/11/2021,12:23:42,,,,,,,,,1.961562
5/11/2021,12:24:00,,,,,,,,,2.063437
5/11/2021,12:24:04,,,,,,,,,1.962187
5/11/2021,12:24:08,,,,,,,,,2.063124
5/11/2021,12:24:20,,,,,,,,,1.943437
5/11/2021,12:24:32,,,,,,,,,2.079374
5/11/2021,12:24:36,60.287323,0.056015,0.950000,21.266346,22.991718,72.608612,87.633301,59.998787,2.079374,65.954994
5/11/2021,12:24:58,,,,,,,,,1.968437
5/11/2021,12:25:17,,,,,,,,,2.073124
5/11/2021,12:25:27,,,,,,,,,1.954375
5/11/2021,12:25:28,,,,,,,,,2.074999
5/11/2021,12:25:43,,,,,,,,,1.950937
5/11/2021,12:25:45,,,,,,,,,2.065937
5/11/2021,12:25:58,,,,,,,,,1.952499
5/11/2021,12:26:01,,,,,,,,,2.079374
5/11/2021,12:26:02,,,,,,,,,2.050624
5/11/2021,12:26:08,,,,,21.892115
5/11/2021,12:26:13,,,,,23.191647
5/11/2021,12:26:17,,,,,,,86.624496
5/11/2021,12:26:36,60.287323,0.056015,0.950000,21.266346,23.191647,72.608612,86.624496,59.998787,2.050624,65.954994
5/11/2021,12:26:38,,,,,,,,,1.885312
5/11/2021,12:26:39,,,,,,,,,2.048125
5/11/2021,12:27:00,,,,,,,,,1.899374
5/11/2021,12:27:01,,,,,,,,,2.025624
5/11/2021,12:28:08,,,,,22.092043
5/11/2021,12:28:36,60.287323,0.056015,0.950000,21.266346,22.092043,72.608612,86.624496,59.998787,2.025624,65.954994
5/11/2021,12:29:41,59.287323
5/11/2021,12:30:36,59.287323,0.056015,0.950000,21.266346,22.092043,72.608612,86.624496,59.998787,2.025624,65.954994
5/11/2021,12:32:17,,,,,,,,,1.913437
5/11/2021,12:32:18,,,,,,,,,2.020000
5/11/2021,12:32:24,,,,,,,,,1.914687
5/11/2021,12:32:36,59.287323,0.056015,0.950000,21.266346,22.092043,72.608612,86.624496,59.998787,1.914687,65.954994
5/11/2021,12:33:38,,,,,23.291611
5/11/2021,12:34:12,,,,20.264999
5/11/2021,12:34:36,,,,,,,,59.998787,,65.954994
5/11/2021,12:34:37,59.287323,0.056015,0.950000,20.264999,23.291611,72.608612,86.624496,,1.914687
5/11/2021,12:34:57,,,,,,,87.687927
5/11/2021,12:36:37,59.287323,0.056015,0.950000,20.264999,23.291611,72.608612,87.687927,59.998787,1.914687,65.954994
5/11/2021,12:36:48,,,,,24.691107
5/11/2021,12:36:59,,,,,,,,,2.015312
5/11/2021,12:37:01,,,,,,,,,1.913437
5/11/2021,12:37:17,,,,,,,88.841698
5/11/2021,12:37:58,,,,,,,,,2.017187
5/11/2021,12:38:08,,,,,,,,,2.007499
5/11/2021,12:38:16,,,,,,,,,1.882812
5/11/2021,12:38:17,,,,,,,,,1.984999
5/11/2021,12:38:33,,,,,,,,,1.816249
5/11/2021,12:38:34,,,,,,,,,1.971249
5/11/2021,12:38:37,59.287323,0.056015,0.950000,20.264999,24.691107,72.608612,88.841698,59.998787,1.971249,65.954994
5/11/2021,12:39:56,,,,,,,,,2.013749
5/11/2021,12:40:19,,,,,,,,,1.907812
5/11/2021,12:40:25,,,,,,,,,2.024999
5/11/2021,12:40:34,,,,,,,,,1.912812
5/11/2021,12:40:37,59.287323,0.056015,0.950000,20.264999,24.691107,72.608612,88.841698,59.998787,1.912812,65.954994
5/11/2021,12:40:41,,,,,,,,,2.013124
5/11/2021,12:40:56,60.287323
5/11/2021,12:42:30,,,,,,,,,1.911249
5/11/2021,12:42:31,,,,,,,,,2.030624
5/11/2021,12:42:35,,,,21.268286
5/11/2021,12:42:37,60.287323,0.056015,0.950000,21.268286,24.691107,72.608612,88.841698,59.998787,2.030624,65.954994
5/11/2021,12:43:13,,,,,22.991718
5/11/2021,12:43:14,,,,,24.091324
5/11/2021,12:43:32,,,,,,,,,1.906562
5/11/2021,12:43:33,,,,,25.290892,,,,2.015000
5/11/2021,12:43:39,,,,,24.091324
5/11/2021,12:44:37,60.287323,0.056015,0.950000,21.268286,24.091324,72.608612,88.841698,59.998787,2.015000,65.954994
5/11/2021,12:46:07,,,,,,,,,,67.004997
5/11/2021,12:46:37,,,,,,,,,,67.004997
5/11/2021,12:46:38,60.287323,0.056015,0.950000,21.268286,24.091324,72.608612,88.841698,59.998787,2.015000
5/11/2021,12:46:47,,,,,,,,,1.911874
5/11/2021,12:46:48,,,,,,,,,2.034687
5/11/2021,12:46:51,,,,,,,,,1.934374
5/11/2021,12:46:54,,,,,,,,,2.069687
5/11/2021,12:46:59,,,,,,,,,1.955312
5/11/2021,12:47:20,,,,,,,,,2.057812
5/11/2021,12:47:29,,,,,,,,,1.953125
5/11/2021,12:47:34,,,,22.270527
5/11/2021,12:47:37,,,,,,,,,,68.055000
5/11/2021,12:48:20,,,,,,,,,2.054062
5/11/2021,12:48:38,60.287323,0.056015,0.950000,22.270527,24.091324,72.608612,88.841698,59.998787,2.054062,68.055000
5/11/2021,12:48:49,,,,,,,,,1.937812
5/11/2021,12:48:50,,,,,,,,,2.047812
5/11/2021,12:49:04,,,,,,,,,1.941250
5/11/2021,12:49:10,,,,,,,,,2.042187
5/11/2021,12:49:34,,,,23.274229
5/11/2021,12:50:07,,,,,,,,,,66.969994
5/11/2021,12:50:16,,,,,,,,,2.052187
5/11/2021,12:50:32,,,,,,,,,1.930937
5/11/2021,12:50:34,,,,,,,,,2.045312
5/11/2021,12:50:38,60.287323,0.056015,0.950000,23.274229,24.091324,72.608612,88.841698,59.998787,2.045312,66.969994
5/11/2021,12:50:56,,,,,,,,,1.907812
5/11/2021,12:50:57,,,,,,,,,2.027812
5/11/2021,12:51:06,,,,,,,,,2.051562
5/11/2021,12:51:07,,,,,,,,,1.946874
5/11/2021,12:51:23,,,,,,,,,2.063124
5/11/2021,12:51:29,,,,,,,,,1.938437
5/11/2021,12:51:42,,,,,,,,,2.056875
5/11/2021,12:51:47,,,,,,,,,1.950937
5/11/2021,12:52:04,,,,,,,,,2.052812
5/11/2021,12:52:31,,,,,,,,,1.948124
5/11/2021,12:52:38,60.287323,0.056015,0.950000,23.274229,24.091324,72.608612,88.841698,59.998787,1.948124,66.969994
5/11/2021,12:52:55,,,,,,,,,2.074374
5/11/2021,12:53:07,,,,,,,,,2.049999
5/11/2021,12:53:08,,,,24.277102
5/11/2021,12:53:11,,,,,,,,,1.937812
5/11/2021,12:53:24,,,,,,,,,2.057187
5/11/2021,12:53:29,,,,,,,,,1.945312
5/11/2021,12:53:33,,,,,,,,,2.054999
5/11/2021,12:53:46,,,,,,,,,1.946874
5/11/2021,12:53:47,,,,,,,,,2.051249
5/11/2021,12:53:52,,,,,,,,,1.949687
5/11/2021,12:54:02,,,,,,73.609558
5/11/2021,12:54:21,,,,,,,,,2.060625
5/11/2021,12:54:27,,,,,,,,,1.951874
5/11/2021,12:54:31,,,,,,,,,2.060312
5/11/2021,12:54:38,60.287323,0.056015,0.950000,24.277102,24.091324,73.609558,88.841698,59.998787,2.060312,66.969994
5/11/2021,12:54:46,,,,,,,,,1.909687
5/11/2021,12:54:47,,,,,,,,,2.028437
5/11/2021,12:54:50,,,,,,,,,1.918749
5/11/2021,12:54:55,,,,,,,,,2.038749
5/11/2021,12:55:31,,,,,,,,,1.914062
5/11/2021,12:55:34,,,,,,,,,2.037499
5/11/2021,12:55:42,,,,,,,,,1.927187
5/11/2021,12:55:48,,,,,,,,,2.038749
5/11/2021,12:55:53,59.287323
5/11/2021,12:56:17,,,,,,,,,1.915624
5/11/2021,12:56:19,,,,,,,,,2.018749
5/11/2021,12:56:32,,,,,,,,,1.911249
5/11/2021,12:56:33,,,,,,,,,2.015312
5/11/2021,12:56:37,,,,,,,,,1.910624
5/11/2021,12:56:38,59.287323,0.056015,0.950000,24.277102,24.091324,73.609558,88.841698,59.998787,2.015000,66.969994
5/11/2021,12:56:47,,,,,,,,,1.909687
5/11/2021,12:56:59,,,,,,,,,2.013124
5/11/2021,12:57:06,,,,,,,,,1.910624
5/11/2021,12:57:10,,,,,,,,,2.033124
5/11/2021,12:57:17,,,,,,,,,1.929999
5/11/2021,12:58:05,,,,,,,,,2.038749
5/11/2021,12:58:07,,,,,,,,,1.930937
5/11/2021,12:58:39,59.287323,0.056015,0.950000,24.277102,24.091324,73.609558,88.841698,59.998787,1.930937,66.969994
5/11/2021,12:58:56,,,,,,,,,2.033437
5/11/2021,12:58:59,,,,,,,,,1.920937
5/11/2021,12:59:06,,,,,,,,,2.030624
5/11/2021,12:59:08,,,,,,,,,1.974687
5/11/2021,13:00:39,59.287323,0.056015,0.950000,24.277102,24.091324,73.609558,88.841698,59.998787,1.974687,66.969994
5/11/2021,13:00:41,,,,,,,,,2.082812
5/11/2021,13:00:48,,,,,,,,,2.064062
5/11/2021,13:00:58,,,,,,,,,1.929999
5/11/2021,13:00:59,,,,,,,,,2.030624
5/11/2021,13:02:39,59.287323,0.056015,0.950000,24.277102,24.091324,73.609558,88.841698,59.998787,2.030624,66.969994
5/11/2021,13:03:38,,,,,22.891756
5/11/2021,13:03:48,,,,,23.991360
5/11/2021,13:04:39,59.287323,0.056015,0.950000,24.277102,23.991360,73.609558,88.841698,59.998787,2.030624,66.969994
5/11/2021,13:05:28,,,,,,,,,2.137187
5/11/2021,13:05:39,,,,,,,,,2.027187
5/11/2021,13:05:52,,,,,,,87.813843
5/11/2021,13:06:28,,,,,22.891756
5/11/2021,13:06:39,59.287323,0.056015,0.950000,24.277102,22.891756,73.609558,87.813843,59.998787,2.027187,66.969994
5/11/2021,13:08:07,,,,,,,86.789261
5/11/2021,13:08:39,59.287323,0.056015,0.950000,,22.891756,73.609558,86.789261,59.998787,2.027187,66.969994
5/11/2021,13:08:40,,,,24.277102
5/11/2021,13:08:57,,,,,,,,,1.911249
5/11/2021,13:08:58,,,,,,,,,2.021562
5/11/2021,13:09:42,,,,25.278210
5/11/2021,13:10:40,59.287323,0.056015,0.950000,25.278210,22.891756,73.609558,86.789261,59.998787,2.021562,66.969994
5/11/2021,13:12:40,59.287323,0.056015,0.950000,25.278210,22.891756,73.609558,86.789261,59.998787,2.021562,66.969994
5/11/2021,13:14:07,,,,,,,,,,68.055000
5/11/2021,13:14:08,,,,,,,,,2.017187
5/11/2021,13:14:40,59.287323,0.056015,0.950000,25.278210,22.891756,73.609558,86.789261,59.998787,2.017187,68.055000
5/11/2021,13:15:07,,,,,,,,58.912727
5/11/2021,13:15:26,,,,26.279991
5/11/2021,13:15:37,,,,,,,,,,69.070000
5/11/2021,13:16:40,59.287323,0.056015,0.950000,26.279991,22.891756,73.609558,86.789261,58.912727,2.017187,69.070000
5/11/2021,13:17:13,,,,,21.792150
5/11/2021,13:17:52,,,,,,,,,2.022812
5/11/2021,13:17:57,,,,27.284216
5/11/2021,13:18:03,,,,,22.891756
5/11/2021,13:18:28,,,,,,74.612015
5/11/2021,13:18:40,59.287323,0.056015,0.950000,27.284216,22.891756,74.612015,86.789261,58.912727,2.022812,69.070000
5/11/2021,13:19:59,,,,,,,,,1.916250
5/11/2021,13:20:07,,,,,,,,,,67.949997
5/11/2021,13:20:30,,,,,,,,,1.916250
5/11/2021,13:20:40,59.287323,0.056015,0.950000,,22.891756,74.612015,86.789261,58.912727,1.916250,67.949997
5/11/2021,13:20:41,,,,27.284216
5/11/2021,13:21:37,,,,,,,,,,66.934998
5/11/2021,13:22:41,59.287323,0.056015,0.950000,27.284216,22.891756,74.612015,86.789261,58.912727,1.916250,66.934998
5/11/2021,13:23:07,,,,,,,87.827354,,,67.949997
5/11/2021,13:23:26,,,,28.286436
5/11/2021,13:23:43,,,,,23.991360
5/11/2021,13:24:41,59.287323,0.056015,0.950000,28.286436,23.991360,74.612015,87.827354,58.912727,1.916250,67.949997
5/11/2021,13:25:12,,,,,,,88.827820
5/11/2021,13:26:38,,,,,25.090963
5/11/2021,13:26:39,,,,,,,,,2.016562
5/11/2021,13:26:41,59.287323,0.056015,0.950000,28.286436,25.090963,74.612015,88.827820,58.912727,2.016562,67.949997
5/11/2021,13:26:53,,,,,23.891396
5/11/2021,13:26:56,,,,,,,,,1.988749
5/11/2021,13:28:41,59.287323,0.056015,0.950000,28.286436,23.891396,74.612015,88.827820,58.912727,1.988749,67.949997
5/11/2021,13:29:07,,,,,,,,,,66.759995
5/11/2021,13:30:41,59.287323,0.056015,0.950000,28.286436,23.891396,74.612015,88.827820,58.912727,1.988749,66.759995
5/11/2021,13:31:43,,,,,,,,,1.881249
5/11/2021,13:31:44,,,,,,,,,2.003124
5/11/2021,13:31:49,,,,29.295216
5/11/2021,13:32:41,59.287323,,0.950000,,23.891396,74.612015,88.827820,58.912727,2.003124,66.759995
5/11/2021,13:32:42,,0.056015,,29.295216
5/11/2021,13:34:07,,,,,,,,,,67.844994
5/11/2021,13:34:42,59.287323,0.056015,0.950000,29.295216,23.891396,74.612015,88.827820,58.912727,2.003124,67.844994
5/11/2021,13:34:44,,,,,,,,,1.900625
5/11/2021,13:34:46,,,,,,,,,2.005937
5/11/2021,13:34:52,,,,,,,,,1.902187
5/11/2021,13:34:53,,,,,,,,,2.072187
5/11/2021,13:34:54,,,,,,,,,1.957812
5/11/2021,13:35:02,,,,30.298590
5/11/2021,13:35:05,,,,,,75.613159
5/11/2021,13:36:00,,,,,,,,,2.059062
5/11/2021,13:36:03,,,,,,,,,1.929999
5/11/2021,13:36:04,,,,,,,,,2.043750
5/11/2021,13:36:06,,,,,,,,,1.932812
5/11/2021,13:36:07,,,,,,,,,2.038749
5/11/2021,13:36:09,,,,,,,,,1.892499
5/11/2021,13:36:10,,,,,,,,,2.020624
5/11/2021,13:36:20,,,,,,,,,1.918749
5/11/2021,13:36:21,,,,,,,,,2.019375
5/11/2021,13:36:42,59.287323,0.056015,0.950000,30.298590,23.891396,75.613159,88.827820,58.912727,2.019375,67.844994
5/11/2021,13:36:49,,,,,,,,,1.900937
5/11/2021,13:36:50,,,,,,,,,2.007499
5/11/2021,13:37:24,,,,,,,,,2.014374
5/11/2021,13:38:42,59.287323,0.056015,0.950000,30.298590,23.891396,75.613159,88.827820,58.912727,2.014374,67.844994
5/11/2021,13:40:31,,,,,,,,,2.039062
5/11/2021,13:40:32,,,,,,,,,1.922499
5/11/2021,13:40:33,,,,,,,,,2.027812
5/11/2021,13:40:42,59.287323,0.056015,0.950000,30.298590,23.891396,75.613159,88.827820,58.912727,2.027812,67.844994
5/11/2021,13:40:43,,,,,,,,,1.893749
5/11/2021,13:40:46,,,,,,,,,2.013124
5/11/2021,13:41:07,,,,,,,,,,66.829994
5/11/2021,13:41:40,,,,,,,,,1.910624
5/11/2021,13:41:45,,,,,,,,,2.030624
5/11/2021,13:41:55,,,,,,,,,2.024062
5/11/2021,13:42:11,,,,,,,,,2.024062
5/11/2021,13:42:42,59.287323,0.056015,0.950000,30.298590,23.891396,75.613159,88.827820,58.912727,2.024062,66.829994
5/11/2021,13:43:13,,,,,25.090963
5/11/2021,13:43:16,,,,,,,,,1.923124
5/11/2021,13:43:21,,,,,23.991360
5/11/2021,13:43:40,,,,,,,,,2.026249
5/11/2021,13:43:46,,,,,,,,,1.879999
5/11/2021,13:43:47,,,,,,,,,2.005937
5/11/2021,13:43:51,,,,,,,,,1.894374
5/11/2021,13:44:01,,,,,,,,,2.003124
5/11/2021,13:44:15,,,,,,,,,1.898124
5/11/2021,13:44:16,,,,,,,,,2.000000
5/11/2021,13:44:18,,,,,,,,,1.893124
5/11/2021,13:44:21,,,,31.299109
5/11/2021,13:44:23,,,,,,,,,2.015937
5/11/2021,13:44:25,,,,,,,,,1.863750
5/11/2021,13:44:26,,,,,,,,,1.967187
5/11/2021,13:44:42,59.287323,,0.950000,,23.991360,75.613159,88.827820,58.912727,1.967187,66.829994
5/11/2021,13:44:43,,0.056015,,31.299109
5/11/2021,13:45:12,,,,,,,89.832657
5/11/2021,13:45:43,,,,,,,,,1.958124
5/11/2021,13:45:58,,,,,25.190928
5/11/2021,13:46:43,59.287323,0.056015,0.950000,31.299109,25.190928,75.613159,89.832657,58.912727,1.958124,66.829994
5/11/2021,13:47:37,,,,,,,,,,67.879997
5/11/2021,13:48:43,59.287323,0.056015,0.950000,31.299109,25.190928,75.613159,89.832657,58.912727,1.958124,67.879997
5/11/2021,13:48:59,,,,,,,,,2.067499
5/11/2021,13:49:08,,,,,,,,,1.957812
5/11/2021,13:49:19,,,,32.303135
5/11/2021,13:49:37,,,,,,,,,,68.964996
5/11/2021,13:50:26,,,,,,,,,2.069375
5/11/2021,13:50:43,59.287323,0.056015,0.950000,32.303135,25.190928,75.613159,89.832657,58.912727,2.069375,68.964996
5/11/2021,13:52:04,,,,,23.991360
5/11/2021,13:52:34,,,,,,76.613182
5/11/2021,13:52:42,,,,,,,88.823494
5/11/2021,13:52:43,59.287323,0.056015,0.950000,32.303135,23.991360,76.613182,88.823494,58.912727,2.069375,68.964996
5/11/2021,13:53:17,,,,33.304703
5/11/2021,13:54:43,59.287323,0.056015,0.950000,33.304703,23.991360,76.613182,88.823494,58.912727,2.069375,68.964996
5/11/2021,13:54:51,,,,,,,,,1.949062
5/11/2021,13:54:52,,,,,,,87.783714
5/11/2021,13:55:09,,,,,22.691828
5/11/2021,13:55:14,,,,,,,,,1.970624
5/11/2021,13:55:17,,,,,,,,,2.080625
5/11/2021,13:55:18,,,,,23.791431
5/11/2021,13:55:36,,,,,,,,,1.970624
5/11/2021,13:55:39,,,,,,,,,2.099687
5/11/2021,13:55:41,,,,,,,,,1.992187
5/11/2021,13:55:43,,,,,,,,,1.992187
5/11/2021,13:55:46,,,,,,,,,2.101562
5/11/2021,13:55:52,,,,,,,,,1.993437
5/11/2021,13:55:56,,,,,,,,,2.099687
5/11/2021,13:56:05,,,,,,,,,1.973437
5/11/2021,13:56:25,,,,,,,,,2.093125
5/11/2021,13:56:32,,,,,,,,,1.945312
5/11/2021,13:56:33,,,,,,,,,2.073750
5/11/2021,13:56:37,,,,,,,,,,67.634995
5/11/2021,13:56:43,59.287323,,,,,76.613182,87.783714,58.912727,1.959374,67.634995
5/11/2021,13:56:44,,0.056015,0.950000,33.304703,23.791431
5/11/2021,13:56:45,,,,,,,,,2.068124
5/11/2021,13:56:58,,,,,22.591864
5/11/2021,13:57:16,,,,,,,,,1.958124
5/11/2021,13:57:17,,,,,,,,,2.066249
5/11/2021,13:57:22,,,,,,,,,1.933749
5/11/2021,13:57:23,,,,,,,,,2.064687
5/11/2021,13:58:07,,,,,,,,,2.049999
5/11/2021,13:58:10,,,,,,,,,1.941875
5/11/2021,13:58:19,,,,,,,,,2.073750
5/11/2021,13:58:20,,,,,,,,,1.966874
5/11/2021,13:58:44,59.287323,0.056015,0.950000,33.304703,22.591864,76.613182,87.783714,58.912727,1.966874,67.634995
5/11/2021,13:59:15,,,,,,,,,2.080625
5/11/2021,13:59:16,,,,,,,,,1.916250
5/11/2021,13:59:17,,,,,,,,,2.033437
5/11/2021,14:00:05,,,,,,,,,2.031250
5/11/2021,14:00:44,59.287323,0.056015,0.950000,33.304703,22.591864,76.613182,87.783714,58.912727,2.031250,67.634995
5/11/2021,14:01:28,,,,,,,,,1.916874
5/11/2021,14:01:29,,,,,,,,,2.029062
5/11/2021,14:01:47,,,,,,,,,1.921562
5/11/2021,14:01:54,,,,,,,,,2.051249
5/11/2021,14:01:58,,,,,,,,,1.931562
5/11/2021,14:02:00,,,,,,,,,2.054374
5/11/2021,14:02:09,,,,,,,,,1.933749
5/11/2021,14:02:10,,,,,,,,,2.047812
5/11/2021,14:02:17,,,,,,,,,1.939062
5/11/2021,14:02:26,,,,,,,,,2.039687
5/11/2021,14:02:34,,,,,,,,,1.931562
5/11/2021,14:02:36,,,,,,,,,2.040937
5/11/2021,14:02:44,59.287323,0.056015,0.950000,33.304703,22.591864,76.613182,87.783714,58.912727,2.040937,67.634995
5/11/2021,14:02:53,,,,,,,,,1.870937
5/11/2021,14:02:54,,,,,,,,,1.984374
5/11/2021,14:04:22,,,,,,,86.745285
5/11/2021,14:04:37,,,,,,,,,,68.964996
5/11/2021,14:04:42,,,,34.306812
5/11/2021,14:04:44,59.287323,0.056015,0.950000,34.306812,22.591864,76.613182,86.745285,58.912727,1.984374,68.964996
5/11/2021,14:06:44,59.287323,0.056015,0.950000,34.306812,22.591864,76.613182,86.745285,58.912727,1.984374,68.964996
5/11/2021,14:07:22,,,,35.307655
5/11/2021,14:08:07,,,,,,,,,,70.049995
5/11/2021,14:08:44,59.287323,,,,,,86.745285,58.912727,1.984374,70.049995
5/11/2021,14:08:45,,0.056015,0.950000,35.307655,22.591864,76.613182,,,2.011562
5/11/2021,14:08:48,,,,,,77.614075
5/11/2021,14:09:21,,,,36.309265
5/11/2021,14:09:23,,,,,23.791431
5/11/2021,14:09:37,,,,,,,,,,71.134995
5/11/2021,14:09:38,,,,,22.591864
5/11/2021,14:09:43,,,,,23.791431
5/11/2021,14:09:46,,,,,,,,,1.894374
5/11/2021,14:09:47,,,,,,,,,2.013749
5/11/2021,14:09:53,,,,,22.691828
5/11/2021,14:10:14,,,,,,,,,1.999062
5/11/2021,14:10:23,,,,,,,,,1.978125
5/11/2021,14:10:27,,,,,,,87.776672
5/11/2021,14:10:28,,,,,24.191288
5/11/2021,14:10:33,,,,,,,,,1.870937
5/11/2021,14:10:45,59.287323,0.056015,0.950000,36.309265,24.191288,77.614075,87.776672,58.912727,1.870937,71.134995
5/11/2021,14:10:50,,,,,,,,,1.999687
5/11/2021,14:10:56,,,,37.318829
5/11/2021,14:11:01,,,,,23.091682
5/11/2021,14:11:09,,,,,,,,,1.879062
5/11/2021,14:11:34,,,,,,,,,1.987187
5/11/2021,14:12:01,,,,,,,,,1.884687
5/11/2021,14:12:03,,,,,24.291250
5/11/2021,14:12:18,,,,,,,,,2.008749
5/11/2021,14:12:19,,,,38.320004
5/11/2021,14:12:26,,,,,,,,,1.904999
5/11/2021,14:12:45,59.287323,0.056015,0.950000,38.320004,24.291250,77.614075,87.776672,58.912727,2.008749,71.134995
5/11/2021,14:13:10,,,,,,,,,1.885624
5/11/2021,14:13:11,,,,,,,,,1.985937
5/11/2021,14:13:15,,,,,,78.616951
5/11/2021,14:13:17,,,,,,,88.903999,,1.990624
5/11/2021,14:13:23,,,,,22.891756
5/11/2021,14:13:27,,,,,24.091324
5/11/2021,14:13:37,,,,,,,,,,70.119995
5/11/2021,14:14:15,,,,39.326344
5/11/2021,14:14:37,,,,,,,,,,69.070000
5/11/2021,14:14:45,59.287323,0.056015,0.950000,39.326344,24.091324,78.616951,88.903999,58.912727,1.990624,69.070000
5/11/2021,14:15:37,,,,,,,,,,67.669998
5/11/2021,14:16:45,59.287323,0.056015,0.950000,39.326344,24.091324,78.616951,88.903999,58.912727,1.990624,67.669998
5/11/2021,14:17:32,,,,,,,,,1.869999
5/11/2021,14:17:33,,,,,,,,,2.006249
5/11/2021,14:17:58,,,,,,,,,1.897187
5/11/2021,14:18:03,,,,,,,,,1.999062
5/11/2021,14:18:45,59.287323,0.056015,0.950000,39.326344,24.091324,78.616951,88.903999,58.912727,1.999062,67.669998
5/11/2021,14:20:15,,,,,,,,,1.886249
5/11/2021,14:20:16,,,,,,,,,2.006875
5/11/2021,14:20:44,,,,,,,,,1.897187
5/11/2021,14:20:45,59.287323,,,,,,88.903999,58.912727,1.997812,67.669998
5/11/2021,14:20:46,,0.056015,0.950000,39.326344,24.091324,78.616951
5/11/2021,14:21:02,,,,,,,,,1.876562
5/11/2021,14:21:04,,,,,,,,,1.993437
5/11/2021,14:22:46,59.287323,0.056015,0.950000,39.326344,24.091324,78.616951,88.903999,58.912727,1.993437,67.669998
5/11/2021,14:22:52,,,,,,,,,1.876562
5/11/2021,14:22:53,,,,,,,,,2.014374
5/11/2021,14:24:35,,,,,,,,,1.909999
5/11/2021,14:24:36,,,,,,,,,2.060312
5/11/2021,14:24:44,,,,,,,,,1.874374
5/11/2021,14:24:46,59.287323,0.056015,0.950000,39.326344,24.091324,78.616951,88.903999,58.912727,1.976249,67.669998
5/11/2021,14:26:05,,,,,,,,,2.076562
5/11/2021,14:26:16,,,,,,,,,1.959374
5/11/2021,14:26:46,59.287323,0.056015,0.950000,39.326344,24.091324,78.616951,88.903999,58.912727,1.959374,67.669998
5/11/2021,14:28:46,59.287323,0.056015,0.950000,39.326344,24.091324,78.616951,88.903999,58.912727,1.959374,67.669998
5/11/2021,14:29:37,,,,,,,,,,66.549995
5/11/2021,14:30:12,,,,,,,89.932877
5/11/2021,14:30:13,,,,,25.490820
5/11/2021,14:30:28,,,,,24.391214
5/11/2021,14:30:46,59.287323,0.056015,0.950000,39.326344,24.391214,78.616951,89.932877,58.912727,1.959374,66.549995
5/11/2021,14:32:03,,,,,25.490820
5/11/2021,14:32:46,59.287323,,,,,,89.932877,58.912727,,66.549995
5/11/2021,14:32:47,,0.056015,0.950000,39.326344,25.490820,78.616951,,,1.959374
5/11/2021,14:33:18,,,,,24.391214
5/11/2021,14:34:23,,,,,,,,,2.060625
5/11/2021,14:34:31,,,,,,,,,1.924687
5/11/2021,14:34:44,,,,,,,,,2.030624
5/11/2021,14:34:47,59.287323,0.056015,0.950000,39.326344,24.391214,78.616951,89.932877,58.912727,2.030624,66.549995
5/11/2021,14:35:34,,,,,,,,,2.020000
5/11/2021,14:35:43,,,,,,,,,2.131562
5/11/2021,14:35:47,,,,,,,,,1.990624
5/11/2021,14:35:48,,,,,25.490820
5/11/2021,14:35:55,,,,,,,,,2.124687
5/11/2021,14:36:03,,,,,24.291250
5/11/2021,14:36:05,,,,,,,,,2.020000
5/11/2021,14:36:47,59.287323,0.056015,0.950000,39.326344,24.291250,78.616951,89.932877,58.912727,2.020000,66.549995
5/11/2021,14:37:53,,,,,,,,,1.915624
5/11/2021,14:37:54,,,,,,,,,2.068749
5/11/2021,14:38:47,59.287323,0.056015,0.950000,39.326344,24.291250,78.616951,89.932877,58.912727,2.068749,66.549995
5/11/2021,14:39:37,,,,,,,88.904564
5/11/2021,14:39:51,,,,38.324734
5/11/2021,14:40:22,,,,,,,,,2.174999
5/11/2021,14:40:28,,,,,22.691828
5/11/2021,14:40:34,,,,,,,,,2.057812
5/11/2021,14:40:35,,,,,23.791431
5/11/2021,14:40:47,59.287323,0.056015,0.950000,38.324734,23.791431,78.616951,88.904564,58.912727,2.057812,66.549995
5/11/2021,14:41:12,,,,,,,87.839813
5/11/2021,14:42:28,,,,,22.491899
5/11/2021,14:42:47,59.287323,0.056015,0.950000,38.324734,22.491899,78.616951,87.839813,58.912727,2.057812,66.549995
5/11/2021,14:43:18,,,,,23.591503
5/11/2021,14:43:45,,,,,,,,,1.957187
5/11/2021,14:43:48,,,,,22.291971
5/11/2021,14:44:00,,,,,,,,,2.068124
5/11/2021,14:44:02,,,,,,,,,1.939062
5/11/2021,14:44:04,,,,,,,,,2.054999
5/11/2021,14:44:07,,,,,,,,,,67.774994
5/11/2021,14:44:27,,,,,,,86.831100
5/11/2021,14:44:47,59.287323,,,,,,86.831100,58.912727,,67.774994
5/11/2021,14:44:48,,0.056015,0.950000,38.324734,22.291971,78.616951,,,2.054999
5/11/2021,14:45:07,,,,,,,,,,68.859993
5/11/2021,14:45:54,,,,,,,,,1.937187
5/11/2021,14:45:56,,,,,,,,,2.045937
5/11/2021,14:46:27,,,,,,,,,1.944687
5/11/2021,14:46:28,,,,,,,,,2.047812
5/11/2021,14:46:37,,,,,,,,,1.929374
5/11/2021,14:46:45,,,,,,,,,2.034687
5/11/2021,14:46:48,59.287323,0.056015,0.950000,38.324734,22.291971,78.616951,86.831100,58.912727,2.034687,68.859993
5/11/2021,14:47:21,,,,,,,,,1.907187
5/11/2021,14:47:22,,,,,,,,,2.017187
5/11/2021,14:48:48,59.287323,0.056015,0.950000,38.324734,22.291971,78.616951,86.831100,58.912727,2.017187,68.859993
5/11/2021,14:50:07,,,,,,,,,,67.844994
5/11/2021,14:50:23,,,,,,,,,1.898749
5/11/2021,14:50:24,,,,,,,,,2.015937
5/11/2021,14:50:25,,,,,,,,,1.900000
5/11/2021,14:50:26,,,,,,,,,2.000624
5/11/2021,14:50:48,59.287323,0.056015,0.950000,38.324734,22.291971,78.616951,86.831100,58.912727,2.000624,67.844994
5/11/2021,14:51:57,,,,,,,,,1.893124
5/11/2021,14:51:58,,,,,23.891396
5/11/2021,14:52:00,,,,,22.791792
5/11/2021,14:52:02,,,,,,,,,2.039062
5/11/2021,14:52:07,,,,,,,,,,66.724998
5/11/2021,14:52:14,,,,,,,,,1.910624
5/11/2021,14:52:15,,,,,,,,,2.021562
5/11/2021,14:52:18,,,,,,,,,1.912499
5/11/2021,14:52:21,,,,,,,,,2.029062
5/11/2021,14:52:23,,,,,,,,,1.920937
5/11/2021,14:52:48,59.287323,0.056015,0.950000,38.324734,22.791792,78.616951,86.831100,58.912727,1.920937,66.724998
5/11/2021,14:52:54,,,,,,,,,2.024999
5/11/2021,14:52:56,,,,37.324150
5/11/2021,14:52:57,,,,,,,,,1.911874
5/11/2021,14:52:58,,,,,,,,,2.022812
5/11/2021,14:53:07,,,,,,,,,1.901562
5/11/2021,14:53:08,,,,,,,,,2.010937
5/11/2021,14:54:15,,,,,,,,,1.903749
5/11/2021,14:54:16,,,,,,,,,2.005937
5/11/2021,14:54:20,,,,,,,,,1.994375
5/11/2021,14:54:48,59.287323,0.056015,0.950000,37.324150,22.791792,78.616951,86.831100,58.912727,1.994375,66.724998
5/11/2021,14:54:57,,,,,,,,,1.893749
5/11/2021,14:55:05,,,,,,,,,2.003124
5/11/2021,14:55:06,,,,,,,,,1.877187
5/11/2021,14:55:07,,,,,,,,,1.985937
5/11/2021,14:56:20,,,,36.324131
5/11/2021,14:56:24,,,,,,,,,1.881874
5/11/2021,14:56:26,,,,,,,,,1.992187
5/11/2021,14:56:48,,,,,,,,58.912727,,66.724998
5/11/2021,14:56:49,59.287323,0.056015,0.950000,36.324131,22.791792,78.616951,86.831100,,1.992187
5/11/2021,14:57:04,,,,,,77.616272
5/11/2021,14:58:41,,,,,,,,,1.890312
5/11/2021,14:58:42,,,,,,,,,2.010312
5/11/2021,14:58:49,59.287323,0.056015,0.950000,36.324131,22.791792,77.616272,86.831100,58.912727,2.010312,66.724998
5/11/2021,14:59:09,,,,,,,,,1.889062
5/11/2021,14:59:10,,,,,,,,,1.989999
5/11/2021,14:59:15,,,,,,,,,1.882812
5/11/2021,15:00:33,,,,,,,,,1.914687
5/11/2021,15:00:41,,,,,,,,,2.022187
5/11/2021,15:00:47,,,,,,,,,1.886874
5/11/2021,15:00:48,,,,,,,,,2.004687
5/11/2021,15:00:49,59.287323,0.056015,0.950000,36.324131,22.791792,77.616272,86.831100,58.912727,2.004687,66.724998
5/11/2021,15:01:14,,,,35.323723
5/11/2021,15:01:57,,,,,,,87.842163
5/11/2021,15:02:23,,,,,23.891396
5/11/2021,15:02:49,59.287323,0.056015,0.950000,35.323723,23.891396,77.616272,87.842163,58.912727,2.004687,66.724998
5/11/2021,15:03:12,,,,,,,,,1.892499
5/11/2021,15:03:13,,,,,,,,,2.004687
5/11/2021,15:03:31,,,,,,,,,1.903749
5/11/2021,15:03:38,,,,,,,,,2.007499
5/11/2021,15:03:51,,,,,,,,,2.010937
5/11/2021,15:04:07,,,,,,,,,1.906562
5/11/2021,15:04:09,,,,,,,,,2.013749
5/11/2021,15:04:21,,,,,,,,,1.901562
5/11/2021,15:04:22,,,,,,,,,2.007499
5/11/2021,15:04:49,59.287323,0.056015,0.950000,35.323723,23.891396,77.616272,87.842163,58.912727,2.007499,66.724998
5/11/2021,15:05:08,,,,,,,,,1.865312
5/11/2021,15:05:09,,,,,,,,,2.003437
5/11/2021,15:05:17,,,,,,,,,1.991562
5/11/2021,15:06:49,59.287323,0.056015,0.950000,35.323723,23.891396,77.616272,87.842163,58.912727,1.991562,66.724998
5/11/2021,15:06:52,,,,,,,,,2.098124
5/11/2021,15:06:53,,,,,,,,,1.987812
5/11/2021,15:07:36,,,,,,,,,2.002500
5/11/2021,15:08:42,,,,,,,,,1.866562
5/11/2021,15:08:43,,,,,,,,,1.989999
5/11/2021,15:08:49,,,,,,,,,,66.724998
5/11/2021,15:08:50,59.287323,0.056015,0.950000,35.323723,23.891396,77.616272,87.842163,58.912727,1.989999
5/11/2021,15:09:19,,,,34.320786
5/11/2021,15:10:07,,,,,,,,,,65.674995
5/11/2021,15:10:50,59.287323,0.056015,0.950000,34.320786,23.891396,77.616272,87.842163,58.912727,1.989999,65.674995
5/11/2021,15:10:52,,,,,,,88.878326
5/11/2021,15:10:53,,,,,24.990999
5/11/2021,15:10:56,,,,,23.791431
5/11/2021,15:12:50,59.287323,0.056015,0.950000,34.320786,23.791431,77.616272,88.878326,58.912727,1.989999,65.674995
5/11/2021,15:13:04,,,,,,,,,1.983124
5/11/2021,15:13:37,,,,33.318653
5/11/2021,15:14:10,,,,,,,,,1.872187
5/11/2021,15:14:13,,,,,,,,,1.994999
5/11/2021,15:14:23,,,,,,,,,1.973437
5/11/2021,15:14:32,,,,,,,,,1.871562
5/11/2021,15:14:33,,,,,,76.616158
5/11/2021,15:14:35,,,,,,,,,1.973437
5/11/2021,15:14:50,59.287323,0.056015,0.950000,33.318653,23.791431,76.616158,88.878326,58.912727,1.973437,65.674995
5/11/2021,15:15:27,,,,,,,89.948372
5/11/2021,15:15:38,,,,,25.090963
5/11/2021,15:15:39,,,,,,,,,1.858437
5/11/2021,15:15:40,,,,,,,,,1.982500
5/11/2021,15:16:50,59.287323,0.056015,0.950000,33.318653,25.090963,76.616158,89.948372,58.912727,1.982500,65.674995
5/11/2021,15:16:53,,,,,,,,,1.879062
5/11/2021,15:16:58,,,,,,,,,2.004687
5/11/2021,15:17:00,,,,,,,,,2.022812
5/11/2021,15:17:30,,,,,,,,,1.905624
5/11/2021,15:17:32,,,,,,,,,2.030624
5/11/2021,15:17:34,,,,,,,,,1.923124
5/11/2021,15:17:56,,,,,,,,,2.025624
5/11/2021,15:18:00,,,,,,,,,1.914062
5/11/2021,15:18:03,,,,,,,,,2.015000
5/11/2021,15:18:50,59.287323,0.056015,0.950000,33.318653,25.090963,76.616158,89.948372,58.912727,2.015000,65.674995
5/11/2021,15:19:14,,,,,,,,,1.911874
5/11/2021,15:19:20,,,,,,,,,2.023437
5/11/2021,15:19:37,,,,,,,,,,66.759995
5/11/2021,15:20:28,,,,,,,,,2.022812
5/11/2021,15:20:50,,,,,,,,,,66.759995
5/11/2021,15:20:51,59.287323,0.056015,0.950000,33.318653,25.090963,76.616158,89.948372,58.912727,2.022812
5/11/2021,15:22:51,59.287323,0.056015,0.950000,33.318653,25.090963,76.616158,89.948372,58.912727,2.022812,66.759995
5/11/2021,15:22:57,,,,,,,,,1.915624
5/11/2021,15:22:58,,,,,,,,,2.029062
5/11/2021,15:23:03,,,,,23.691467
5/11/2021,15:23:07,,,,,24.791071
5/11/2021,15:23:33,,,,,23.691467
5/11/2021,15:23:48,,,,,25.090963
5/11/2021,15:24:03,,,,,23.991360
5/11/2021,15:24:51,59.287323,0.056015,0.950000,33.318653,23.991360,76.616158,89.948372,58.912727,2.029062,66.759995
5/11/2021,15:24:55,,,,,,,,,1.920937
5/11/2021,15:24:56,,,,,,,,,2.046562
5/11/2021,15:25:05,,,,,,,,,2.076562
5/11/2021,15:25:07,,,,,,,,,1.962812
5/11/2021,15:25:48,,,,,25.390856
5/11/2021,15:25:54,,,,,24.191288
5/11/2021,15:25:55,,,,,,,,,2.066249
5/11/2021,15:26:04,,,,,,,,,1.948124
5/11/2021,15:26:14,,,,,,,,,2.048749
5/11/2021,15:26:51,59.287323,0.056015,0.950000,33.318653,24.191288,76.616158,89.948372,58.912727,2.048749,66.759995
5/11/2021,15:27:23,,,,,,,,,1.899374
5/11/2021,15:27:24,,,,,,,,,2.102499
5/11/2021,15:27:26,,,,,,,,,1.991562
5/11/2021,15:27:29,,,,,,,,,2.109374
5/11/2021,15:27:42,,,,,,,88.939484
5/11/2021,15:28:14,,,,,,,,,2.009062
5/11/2021,15:28:17,,0.056015,0.950000,33.318653,24.191288,76.616158,88.939484,58.912727,,66.759995
5/11/2021,15:28:18,,,,,,,,,2.123124
5/11/2021,15:28:27,59.287323
